run_id,yrs_il_single,yrs_il_double,yrs_sum_al,total_living_yrs,elapsed_time_yrs,earning_potential,earning_potential_cc,added_lc_worth_norm,man_independent_yrs,woman_independent_yrs,man_assisted_yrs,woman_assisted_yrs,roi_seed,inflation_seed,apy_roi,apy_cpi,roi_one_dollar_at_end,cpi_one_dollar_at_end,norm_one_dollar_at_end,roi_mean_shift,roi_vol_multiplier,roi_mean_reversion,inflation_mean_shift,inflation_vol_multiplier,inflation_mean_reversion,man_goes_to_al_seed,woman_goes_to_al_seed,man_goes_to_al,woman_goes_to_al,man_age_to_al,woman_age_to_al,man_age_at_death,woman_age_at_death,exp_norm_al_cc,exp_norm_cc,exp_norm_lc,exp_norm_non_taylor,exp_norm_total_cc,exp_norm_total_lc,entrance_fee_cc,entrance_fee_lc,earn_norm_cc,earn_norm_lc,cum_mo_earn_lc_norm,cum_mo_earn_cc_norm,cum_mo_earn_inv_lc_norm,cum_mo_earn_inv_cc_norm,cum_mo_earn_ss_man_norm,cum_mo_earn_ss_woman_norm,cum_mo_earn_ss_norm,cum_mo_earn_pen_man_norm,cum_mo_earn_pen_woman_norm,cum_mo_earn_pen_norm,cum_mo_exp_lc_norm,cum_mo_exp_cc_norm,cum_mo_exp_al_cc_norm,cum_mo_exp_non_taylor_norm,cum_mo_exp_total_lc_norm,cum_mo_exp_total_cc_norm,start_pile,worth_norm_lc,worth_norm_cc,man_age_at_start,woman_age_at_start,ticker,current_date,history_years,al_cum_running_avg_yrs,start_clock,man_dob,woman_dob,constant_monthly_roi,constant_monthly_cpi
1,8.27001535876471,5.173895360036171,0.5750115946472378,19.19281767348429,13.916781316522584,251304223.9079635,270803570.1704518,-2227485.057120964,13.44391071880088,5.173895360036171,0.4097352393619469,0.16527635528529094,813270,912756,12.292874595267111,2.962790206434951,5.020359028887334,1.5013002300734504,1.5013002300734504,0.002132715515343598,1.2294965609839985,0.27181249573271143,0.004350724237877682,1.3158535541215322,0.0013692500850740474,857404,33586,True,True,82.37540811926323,75.39648315844953,82.7860941703115,75.56075757886883,85886.19228132226,504517.3999192811,1157471.004815326,925256.672797052,1996914.7821297226,2982727.6776123783,481000.0,900000.0,15291740.093111541,14379771.175974585,19223803.063285913,20331230.4152405,12531935.8222542,13363397.428312466,575315.0,445389.0,1020704.0,769066.3697010407,209218.40592042328,978284.7756214645,1397100.0,604479.8560903993,90443.6492239228,1139651.9999999993,3434348.872154247,2314291.1669878694,6300000.0,22089454.191131666,24316939.24825263,68.93228471494966,70.22183891524124,SPY,2026-03-27 00:00:00,25,2,2026-07-01,1957-07-26,1956-04-11,stochastic,stochastic
EC_0_0_6_0,0.0,0.16666666666666666,0.0,0.3333333333333333,0.16701232742629896,910667.6983172164,981328.7660199782,-426917.9788576859,0.16666666666666666,0.16666666666666666,0.0,0.0,0,0,6.00000000000005,0.0,1.0097587941791923,1.0,1.0,0.01,0.5,0.5,-0.005,0.5,0.5,0,0,True,True,69.09929704237595,70.38885124266754,69.09929704237595,70.38885124266754,0.0,3750.0,9600.0,9612.0,494362.0,919212.0,481000.0,900000.0,59074.071296327165,57006.09243864118,83744.09243864118,85812.07129632717,57006.09243864118,59074.071296327165,6890.0,5334.0,12224.0,11410.0,3104.0,14514.0,9600.0,3750.0,0.0,9612.0,919212.0,494362.0,6300000.0,5464532.092438641,5891450.071296327,68.93228471494966,70.22183891524124,SPY,2026-03-27 00:00:00,25,2,2026-07-01,1957-07-26,1956-04-11,0.004867550565343048,0.0
EC_0_10_6_0,0.0,0.16666666666666666,20.0,20.333333333333336,10.168586623955317,99295747.45136297,107000361.92953354,5041378.307661568,0.16666666666666666,0.16666666666666666,10.0,10.0,0,0,6.0000000000000275,0.0,1.8083242106196993,1.0,1.0,0.01,0.5,0.5,-0.005,0.5,0.5,0,0,True,True,69.09929704237595,70.38885124266754,79.09813343189798,80.38768763218957,4416000.0,3750.0,9600.0,9612.0,4910362.0,919212.0,481000.0,900000.0,3500822.6015198505,4551050.909181418,6182068.909181417,5131840.601519849,4551050.909181418,3500822.6015198505,420290.0,325374.0,745664.0,696010.0,189344.0,885354.0,9600.0,3750.0,4416000.0,9612.0,919212.0,4910362.0,6300000.0,11562856.909181416,6521478.601519849,68.93228471494966,70.22183891524124,SPY,2026-03-27 00:00:00,25,2,2026-07-01,1957-07-26,1956-04-11,0.004867550565343048,0.0
EC_10_0_6_0,0.0,10.166666666666666,0.0,20.333333333333332,10.168586623955317,99295747.45136297,107000361.92953354,-1583805.1818406899,10.166666666666666,10.166666666666666,0.0,0.0,0,0,6.0000000000000275,0.0,1.8083242106196993,1.0,1.0,0.01,0.5,0.5,-0.005,0.5,0.5,0,0,True,True,79.09813343189798,80.38768763218957,79.09813343189798,80.38768763218957,0.0,453750.0,1161600.0,1163052.0,2097802.0,3224652.0,481000.0,900000.0,4329084.421612559,3872129.2397718662,5503147.239771867,5960102.421612557,3872129.2397718662,4329084.421612559,420290.0,325374.0,745664.0,696010.0,189344.0,885354.0,1161600.0,453750.0,0.0,1163052.0,3224652.0,2097802.0,6300000.0,8578495.239771867,10162300.421612557,68.93228471494966,70.22183891524124,SPY,2026-03-27 00:00:00,25,2,2026-07-01,1957-07-26,1956-04-11,0.004867550565343048,0.0
EC_10_10_6_0,0.0,10.166666666666666,20.0,40.33333333333333,20.167423013477347,352678607.26385003,380043854.7533969,3474448.645054076,10.166666666666666,10.166666666666666,10.0,10.0,0,0,6.000000000000005,0.0,3.238433247190966,1.0,1.0,0.01,0.5,0.5,-0.005,0.5,0.5,0,0,True,True,79.09813343189798,80.38768763218957,89.09696982142002,90.3865240217116,4416000.0,453750.0,1161600.0,1163052.0,6513802.0,3224652.0,481000.0,900000.0,10812978.725240637,10998277.370294707,14233575.370294709,14048276.725240633,10998277.370294707,10812978.725240637,833690.0,645414.0,1479104.0,1380610.0,375584.0,1756194.0,1161600.0,453750.0,4416000.0,1163052.0,3224652.0,6513802.0,6300000.0,17308923.37029471,13834474.725240633,68.93228471494966,70.22183891524124,SPY,2026-03-27 00:00:00,25,2,2026-07-01,1957-07-26,1956-04-11,0.004867550565343048,0.0
EC_79_5_6_0,1.289554200291576,8.778161084758764,7.35,26.195876369809106,13.83190619930594,167240040.64960977,180216628.98890355,-275789.2000849936,10.06771528505034,8.778161084758764,2.35,5.0,0,0,6.000000000000005,0.0,2.239053493554628,1.0,1.0,0.005,1.2,0.15,0.002,1.1,0.15,0,0,True,True,78.9995687796464,78.9995687796464,81.34869299164254,83.99898697440742,1324800.0,441000.0,1129500.0,1091640.0,3338440.0,3121140.0,481000.0,900000.0,6414137.9503956465,5921048.750310658,8140302.750310652,8633391.950395646,5921048.750310658,6414137.9503956465,571870.0,442722.0,1014592.0,947030.0,257632.0,1204662.0,1129500.0,441000.0,1324800.0,1091640.0,3121140.0,3338440.0,6300000.0,11319162.750310652,11594951.950395646,68.93228471494966,70.22183891524124,SPY,2026-03-27 00:00:00,25,2,2026-07-01,1957-07-26,1956-04-11,0.004867550565343048,0.0
RUN_ONE_PRESENT_6_0,1.1999999999999993,8.8,7.85,26.650000000000002,14.335681088591826,178455317.39582315,192302128.13449904,-172513.6608017683,10.0,8.8,2.35,5.5,0,0,6.0000000000000275,0.0,2.3052466635523277,1.0,1.0,0.0,1.0,0.15,0.0,1.0,0.15,0,0,True,True,78.93112110447169,79.0214720357023,81.28024531646783,84.52192721274221,1407600.0,437850.0,1121400.0,1086148.0,3412598.0,3107548.0,481000.0,900000.0,6727915.848327616,6250352.187525849,8549820.187525844,9027383.848327613,6250352.187525849,6727915.848327616,592540.0,458724.0,1051264.0,981260.0,266944.0,1248204.0,1121400.0,437850.0,1407600.0,1086148.0,3107548.0,3412598.0,6300000.0,11742272.187525844,11914785.848327613,68.93228471494966,70.22183891524124,SPY,2026-03-27 00:00:00,25,2,2026-07-01,1957-07-26,1956-04-11,0.004867550565343048,0.0
EC_0_0_6_2,0.0,0.16666666666666666,0.0,0.3333333333333333,0.16701232742629896,907667.0505966569,978095.2902633235,-426217.2335791323,0.16666666666666666,0.16666666666666666,0.0,0.0,0,0,6.00000000000005,2.000000000000024,1.0097587941791923,1.0033058903246372,1.0033058903246372,0.01,0.5,0.5,-0.005,0.5,0.5,0,0,True,True,69.09929704237595,70.38885124266754,69.09929704237595,70.38885124266754,0.0,3753.091608897652,9600.0,9612.0,494365.09160889767,919212.0,481000.0,900000.0,58879.300294549656,56818.10357152438,83570.70581110727,85631.90253413253,37572.8230695883,38934.646684593725,6890.0,5334.0,12224.0,11381.79530435379,3096.3271362589103,14478.1224406127,9600.0,3753.091608897652,0.0,9612.0,917728.027729127,493571.9908730199,6300000.0,5465842.678081981,5892059.911661113,68.93228471494966,70.22183891524124,SPY,2026-03-27 00:00:00,25,2,2026-07-01,1957-07-26,1956-04-11,0.004867550565343048,0.0016515813019202241
EC_0_10_6_2,0.0,0.16666666666666666,20.0,20.333333333333336,10.168586623955317,81188696.67973451,87488338.14432871,5551167.790826325,0.16666666666666666,0.16666666666666666,10.0,10.0,0,0,6.0000000000000275,2.000000000000046,1.8083242106196993,1.2230242818536112,1.2230242818536112,0.01,0.5,0.5,-0.005,0.5,0.5,0,0,True,True,69.09929704237595,70.38885124266754,79.09813343189798,80.38768763218957,4458817.375491968,3753.091608897652,9600.0,9612.0,4950781.405671003,919212.0,481000.0,900000.0,2700346.858007039,3721129.897801358,5620693.698385472,4540219.139000068,2691520.791450384,1977655.999241721,420290.0,325374.0,745664.0,629901.6722831903,171359.7537920264,801261.4260752165,9600.0,3753.091608897652,4894849.268297028,9612.0,917728.027729127,5388421.259170048,6300000.0,11002965.670656346,5451797.879830021,68.93228471494966,70.22183891524124,SPY,2026-03-27 00:00:00,25,2,2026-07-01,1957-07-26,1956-04-11,0.004867550565343048,0.0016515813019202241
EC_10_0_6_2,0.0,10.166666666666666,0.0,20.333333333333332,10.168586623955317,81188696.67973451,87488338.14432871,-1517920.9491885519,10.166666666666666,10.166666666666666,0.0,0.0,0,0,6.0000000000000275,2.000000000000046,1.8083242106196993,1.2230242818536112,1.2230242818536112,0.01,0.5,0.5,-0.005,0.5,0.5,0,0,True,True,79.09813343189798,80.38768763218957,79.09813343189798,80.38768763218957,0.0,433778.6837677482,1053845.4871542624,1055162.794013206,1969941.4777809542,3009008.2811674685,481000.0,900000.0,3507477.2314907154,3125841.5140618505,4985147.20467331,5400499.52359316,2271618.0165707534,2546039.4680186827,420290.0,325374.0,745664.0,629901.6722831903,171359.7537920264,801261.4260752165,1161600.0000000002,477340.4981963022,0.0,1163052.0,3223168.027729127,2120599.3974604257,6300000.0,8061979.176944181,9579900.126132736,68.93228471494966,70.22183891524124,SPY,2026-03-27 00:00:00,25,2,2026-07-01,1957-07-26,1956-04-11,0.004867550565343048,0.0016515813019202241
EC_10_10_6_2,0.0,10.166666666666666,20.0,40.33333333333333,20.167423013477347,236560549.25806051,254915895.58012113,5530161.303397974,10.166666666666666,10.166666666666666,10.0,10.0,0,0,6.000000000000005,2.000000000000046,3.238433247190966,1.4908597750976558,1.4908597750976558,0.01,0.5,0.5,-0.005,0.5,0.5,0,0,True,True,79.09813343189798,80.38768763218957,89.09696982142002,90.3865240217116,5433500.5404503215,433778.6837677482,1053845.4871542624,1055162.794013206,7135951.150361522,3009008.2811674685,481000.0,900000.0,6526657.197558175,7246040.9994952865,11473565.289243903,10805682.960886527,5647469.784809571,5206202.866110538,833690.0,645414.0,1479104.0,1137303.4018017657,309394.36978025245,1446697.7715820186,1161600.0000000002,477340.4981963022,5964847.605309298,1163052.0,3223168.027729127,8085447.002769725,6300000.0,14550397.261514775,9020235.958116801,68.93228471494966,70.22183891524124,SPY,2026-03-27 00:00:00,25,2,2026-07-01,1957-07-26,1956-04-11,0.004867550565343048,0.0016515813019202241
EC_79_5_6_2,1.289554200291576,8.778161084758764,7.35,26.195876369809106,13.83190619930594,127166061.76547366,137033206.18764654,201643.96379402047,10.06771528505034,8.778161084758764,2.35,5.0,0,0,6.000000000000005,2.000000000000046,2.239053493554628,1.3151310839368655,1.3151310839368655,0.005,1.2,0.15,0.002,1.1,0.15,0,0,True,True,78.9995687796464,78.9995687796464,81.34869299164254,83.99898697440742,1575828.9001996832,420579.58648466674,1023727.9922329547,986185.8307420557,3362912.6899976186,2909913.8229750106,481000.0,900000.0,4736622.840250662,4428175.261260595,7079644.674063786,7448440.0052782465,3311519.669967763,3555181.124277886,571870.0,442722.0,1014592.0,827709.4086272345,225171.77952488474,1052881.1881521198,1129499.9999999998,463318.8646909547,1654929.5587825296,1091640.0,3119656.027729126,3690095.322737607,6300000.0,10259988.646334661,10058344.68254064,68.93228471494966,70.22183891524124,SPY,2026-03-27 00:00:00,25,2,2026-07-01,1957-07-26,1956-04-11,0.004867550565343048,0.0016515813019202241
RUN_ONE_PRESENT_6_2,1.1999999999999993,8.8,7.85,26.650000000000002,12.416408276692882,108098277.10299578,116485902.67820972,-1258775.4598253747,10.0,8.8,2.35,5.5,0,0,6.0000000000000275,2.000000000000046,2.0616478891533965,1.2787494680109626,1.2787494680109626,0.0,1.0,0.15,0.0,1.0,0.15,0,0,True,False,78.93112110447169,,81.28024531646783,79.0214720357023,325233.00716034067,417791.0357784944,1017305.3844346334,982313.5263358178,2140911.6845100834,2899618.910770451,481000.0,900000.0,4357874.306347817,3898752.3802357595,6235151.449368176,6746798.52928882,2885019.444295544,3223062.421077414,513305.0,397383.0,910688.0,752981.4416179761,204842.62881526697,957824.0704332428,1121399.9999999998,459841.4358602105,332739.31270006194,1086148.0,3106064.027729126,2358935.6478243954,6300000.0,9429087.42163905,10687862.881464425,68.93228471494966,70.22183891524124,SPY,2026-03-27 00:00:00,25,2,2026-07-01,1957-07-26,1956-04-11,0.004867550565343048,0.0016515813019202241
EC_0_0_6_6,0.0,0.16666666666666666,0.0,0.3333333333333333,0.16701232742629896,901866.5681020144,971844.7332936337,-424859.3793504246,0.16666666666666666,0.16666666666666666,0.0,0.0,0,0,6.00000000000005,6.00000000000005,1.0097587941791923,1.0097587941791923,1.0097587941791923,0.01,0.5,0.5,-0.005,0.5,0.5,0,0,True,True,69.09929704237595,70.38885124266754,69.09929704237595,70.38885124266754,0.0,3759.082448034951,9600.0,9612.0,494371.08244803495,919212.0,481000.0,900000.0,58502.793564047766,56454.707378044404,83235.24316141404,85283.3293474174,0.0,0.0,6890.0,5334.0,12224.0,11327.22927684206,3081.482881272371,14408.71215811443,9600.0,3759.082448034951,0.0,9612.0,914852.4249432235,492041.1317788022,6300000.0,5468382.81821819,5893242.197568616,68.93228471494966,70.22183891524124,SPY,2026-03-27 00:00:00,25,2,2026-07-01,1957-07-26,1956-04-11,0.004867550565343048,0.004867550565343048
EC_0_10_6_6,0.0,0.16666666666666666,20.0,20.333333333333336,10.168586623955317,54910367.76935871,59171005.56479599,6760160.482138509,0.16666666666666666,0.16666666666666666,10.0,10.0,0,0,6.0000000000000275,6.0000000000000275,1.8083242106196993,1.8083242106196993,1.8083242106196993,0.01,0.5,0.5,-0.005,0.5,0.5,0,0,True,True,69.09929704237595,70.38885124266754,79.09813343189798,80.38768763218957,4707667.075970514,3759.082448034951,9600.0,9612.0,5196133.418571197,919212.0,481000.0,900000.0,1534746.7017311119,2516692.4185178215,4728695.10352119,3573570.5074675633,0.0,0.0,420290.0,325374.0,745664.0,523907.3206163108,142524.83112997617,666432.1517462867,9600.0,3759.082448034951,6027847.179249303,9612.0,914852.4249432235,6519888.311028106,6300000.0,10113842.678577967,3353682.196439458,68.93228471494966,70.22183891524124,SPY,2026-03-27 00:00:00,25,2,2026-07-01,1957-07-26,1956-04-11,0.004867550565343048,0.004867550565343048
EC_10_0_6_6,0.0,10.166666666666666,0.0,20.333333333333332,10.168586623955317,54910367.76935871,59171005.56479599,-1397416.7257942148,10.166666666666666,10.166666666666666,0.0,0.0,0,0,6.0000000000000275,6.0000000000000275,1.8083242106196993,1.8083242106196993,1.8083242106196993,0.01,0.5,0.5,-0.005,0.5,0.5,0,0,True,True,79.09813343189798,80.38768763218957,79.09813343189798,80.38768763218957,0.0,405792.2360252678,880553.48773559,881654.1795952605,1768446.4156205284,2662207.667330851,481000.0,900000.0,2321411.171946865,2052558.2861322535,4166250.770852041,4512875.254046517,0.0,0.0,420290.0,325374.0,745664.0,523907.3206163108,142524.83112997617,666432.1517462867,1161600.0,527778.1330127167,0.0,1163052.0000000002,3220292.4249432227,2169500.1823434844,6300000.0,7245958.345908818,8643375.071703034,68.93228471494966,70.22183891524124,SPY,2026-03-27 00:00:00,25,2,2026-07-01,1957-07-26,1956-04-11,0.004867550565343048,0.004867550565343048
EC_10_10_6_6,0.0,10.166666666666666,20.0,40.33333333333333,20.167423013477347,108904084.27277768,117354234.51542468,11454539.653057829,10.166666666666666,10.166666666666666,10.0,10.0,0,0,6.000000000000005,6.000000000000005,3.238433247190966,3.238433247190966,3.238433247190966,0.01,0.5,0.5,-0.005,0.5,0.5,0,0,True,True,79.09813343189798,80.38768763218957,89.09696982142002,90.3865240217116,8407009.586634932,405792.2360252678,880553.48773559,881654.1795952605,9606912.940675525,2662207.667330851,481000.0,900000.0,1573046.2404091156,3193939.908589792,7931603.574580103,6190875.081186704,0.0,0.0,833690.0,645414.0,1479104.0,810129.366370944,220389.26846760814,1030518.6348385515,1161600.0,527778.1330127167,10764603.402264176,1163052.0000000002,3220292.4249432227,12934103.584607651,6300000.0,11011311.14963688,-443228.5034209471,68.93228471494966,70.22183891524124,SPY,2026-03-27 00:00:00,25,2,2026-07-01,1957-07-26,1956-04-11,0.004867550565343048,0.004867550565343048
EC_79_5_6_6,1.289554200291576,8.778161084758764,7.35,26.195876369809106,13.83190619930594,74692293.47625208,80487862.17376126,1377425.1846587616,10.06771528505034,8.778161084758764,2.35,5.0,0,0,6.000000000000005,6.000000000000005,2.239053493554628,2.239053493554628,2.239053493554628,0.005,1.2,0.15,0.002,1.1,0.15,0,0,True,True,78.9995687796464,78.9995687796464,81.34869299164254,83.99898697440742,2214052.5306434766,391278.1979763888,853440.0395433622,816539.0381092642,3665795.4425836904,2569979.077652626,481000.0,900000.0,2520067.624757609,2500390.4736577026,5526316.676677977,5660877.662578762,0.0,0.0,571870.0,442722.0,1014592.0,648590.7700342999,176443.97460004076,825034.74463434,1129500.0,510923.0205011537,2547533.525670847,1091640.0000000002,3116780.424943223,4628766.59550277,6300000.0,8709536.251734752,7332111.067075992,68.93228471494966,70.22183891524124,SPY,2026-03-27 00:00:00,25,2,2026-07-01,1957-07-26,1956-04-11,0.004867550565343048,0.004867550565343048
RUN_ONE_PRESENT_6_6,1.1999999999999993,8.8,7.85,26.650000000000002,14.335681088591826,77412677.87839586,83419328.25451584,1616451.214473236,10.0,8.8,2.35,5.5,0,0,6.0000000000000275,6.0000000000000275,2.3052466635523277,2.3052466635523277,2.3052466635523277,0.0,1.0,0.15,0.0,1.0,0.15,0,0,True,True,78.93112110447169,79.0214720357023,81.28024531646783,84.52192721274221,2312079.271069435,388951.3126356437,849454.7749307486,814994.8505781328,3728373.635547781,2564449.625508881,481000.0,900000.0,2522752.4093461963,2562874.3849952696,5718348.39452451,5791676.669821594,0.0,0.0,592540.0,458724.0,1051264.0,663621.3758486983,180532.9316945099,844154.3075432077,1121400.0,506712.06578166765,2721437.7996011074,1086148.0000000002,3103188.424943223,4792967.914713543,6300000.0,8915159.969581287,7298708.755108051,68.93228471494966,70.22183891524124,SPY,2026-03-27 00:00:00,25,2,2026-07-01,1957-07-26,1956-04-11,0.004867550565343048,0.004867550565343048
EC_0_0_12_0,0.0,0.16666666666666666,0.0,0.3333333333333333,0.16701232742629896,919063.0198734698,990375.5023414297,-428881.3136782576,0.16666666666666666,0.16666666666666666,0.0,0.0,0,0,12.000000000000144,0.0,1.0190676230605216,1.0,1.0,0.01,0.5,0.5,-0.005,0.5,0.5,0,0,True,True,69.09929704237595,70.38885124266754,69.09929704237595,70.38885124266754,0.0,3750.0,9600.0,9612.0,494362.0,919212.0,481000.0,900000.0,115435.12662855901,111403.81295030139,138141.8129503014,142173.12662855902,111403.81295030139,115435.12662855901,6890.0,5334.0,12224.0,11410.0,3104.0,14514.0,9600.0,3750.0,0.0,9612.0,919212.0,494362.0,6300000.0,5518929.812950301,5947811.126628559,68.93228471494966,70.22183891524124,SPY,2026-03-27 00:00:00,25,2,2026-07-01,1957-07-26,1956-04-11,0.009488792934583046,0.0
EC_0_10_12_0,0.0,0.16666666666666666,20.0,20.333333333333336,10.168586623955317,173795122.09343946,187280336.19661558,6038462.875677504,0.16666666666666666,0.16666666666666666,10.0,10.0,0,0,12.0000000000001,0.0,3.165069351264139,1.0,1.0,0.01,0.5,0.5,-0.005,0.5,0.5,0,0,True,True,69.09929704237595,70.38885124266754,79.09813343189798,80.38768763218957,4416000.0,3750.0,9600.0,9612.0,4910362.0,919212.0,481000.0,900000.0,10537236.345237507,12584549.220915014,14215567.220915016,12168254.345237512,12584549.220915014,10537236.345237507,420290.0,325374.0,745664.0,696010.0,189344.0,885354.0,9600.0,3750.0,4416000.0,9612.0,919212.0,4910362.0,6300000.0,19596355.220915016,13557892.345237512,68.93228471494966,70.22183891524124,SPY,2026-03-27 00:00:00,25,2,2026-07-01,1957-07-26,1956-04-11,0.009488792934583046,0.0
EC_10_0_12_0,0.0,10.166666666666666,0.0,20.333333333333332,10.168586623955317,173795122.09343946,187280336.19661558,-2017637.4797938485,10.166666666666666,10.166666666666666,0.0,0.0,0,0,12.0000000000001,0.0,3.165069351264139,1.0,1.0,0.01,0.5,0.5,-0.005,0.5,0.5,0,0,True,True,79.09813343189798,80.38768763218957,79.09813343189798,80.38768763218957,0.0,453750.0,1161600.0,1163052.0,2097802.0,3224652.0,481000.0,900000.0,12151848.212331004,11261060.732537158,12892078.732537154,13782866.212331003,11261060.732537158,12151848.212331004,420290.0,325374.0,745664.0,696010.0,189344.0,885354.0,1161600.0,453750.0,0.0,1163052.0,3224652.0,2097802.0,6300000.0,15967426.732537154,17985064.212331004,68.93228471494966,70.22183891524124,SPY,2026-03-27 00:00:00,25,2,2026-07-01,1957-07-26,1956-04-11,0.009488792934583046,0.0
EC_10_10_12_0,0.0,10.166666666666666,20.0,40.33333333333333,20.167423013477347,1070551648.9789463,1153618526.927498,3650370.792752631,10.166666666666666,10.166666666666666,10.0,10.0,0,0,12.0000000000001,0.0,9.830224973908972,1.0,1.0,0.01,0.5,0.5,-0.005,0.5,0.5,0,0,True,True,79.09813343189798,80.38768763218957,89.09696982142002,90.3865240217116,4416000.0,453750.0,1161600.0,1163052.0,6513802.0,3224652.0,481000.0,900000.0,49218553.74875632,49579774.54150897,52815072.54150895,52453851.74875632,49579774.54150897,49218553.74875632,833690.0,645414.0,1479104.0,1380610.0,375584.0,1756194.0,1161600.0,453750.0,4416000.0,1163052.0,3224652.0,6513802.0,6300000.0,55890420.54150895,52240049.74875632,68.93228471494966,70.22183891524124,SPY,2026-03-27 00:00:00,25,2,2026-07-01,1957-07-26,1956-04-11,0.009488792934583046,0.0
EC_79_5_12_0,1.289554200291576,8.778161084758764,7.35,26.195876369809106,13.83190619930594,358199609.9043431,385993246.30247647,-743927.059704084,10.06771528505034,8.778161084758764,2.35,5.0,0,0,12.0000000000001,0.0,4.795670252356494,1.0,1.0,0.005,1.2,0.15,0.002,1.1,0.15,0,0,True,True,78.9995687796464,78.9995687796464,81.34869299164254,83.99898697440742,1324800.0,441000.0,1129500.0,1091640.0,3338440.0,3121140.0,481000.0,900000.0,21199357.463099256,20238130.40339518,22457384.403395172,23418611.463099256,20238130.40339518,21199357.463099256,571870.0,442722.0,1014592.0,947030.0,257632.0,1204662.0,1129500.0,441000.0,1324800.0,1091640.0,3121140.0,3338440.0,6300000.0,25636244.403395172,26380171.463099256,68.93228471494966,70.22183891524124,SPY,2026-03-27 00:00:00,25,2,2026-07-01,1957-07-26,1956-04-11,0.009488792934583046,0.0
RUN_ONE_PRESENT_12_0,1.1999999999999993,8.8,7.85,26.650000000000002,14.335681088591826,392889494.08492756,423374808.5333691,-625911.605759941,10.0,8.8,2.35,5.5,0,0,12.0000000000001,0.0,5.075260343042262,1.0,1.0,0.0,1.0,0.15,0.0,1.0,0.15,0,0,True,True,78.93112110447169,79.0214720357023,81.28024531646783,84.52192721274221,1407600.0,437850.0,1121400.0,1086148.0,3412598.0,3107548.0,481000.0,900000.0,22759521.000421852,21828559.394661922,24128027.39466192,25058989.00042186,21828559.394661922,22759521.000421852,592540.0,458724.0,1051264.0,981260.0,266944.0,1248204.0,1121400.0,437850.0,1407600.0,1086148.0,3107548.0,3412598.0,6300000.0,27320479.39466192,27946391.00042186,68.93228471494966,70.22183891524124,SPY,2026-03-27 00:00:00,25,2,2026-07-01,1957-07-26,1956-04-11,0.009488792934583046,0.0
EC_0_0_12_2,0.0,0.16666666666666666,0.0,0.3333333333333333,0.16701232742629896,916034.7095900043,987112.2176118954,-428174.129455182,0.16666666666666666,0.16666666666666666,0.0,0.0,0,0,12.000000000000144,2.000000000000024,1.0190676230605216,1.0033058903246372,1.0033058903246372,0.01,0.5,0.5,-0.005,0.5,0.5,0,0,True,True,69.09929704237595,70.38885124266754,69.09929704237595,70.38885124266754,0.0,3753.091608897652,9600.0,9612.0,494365.09160889767,919212.0,481000.0,900000.0,115054.53018357603,111036.43758450108,137836.96524009356,141855.0578391685,91791.15708256501,95109.8765736201,6890.0,5334.0,12224.0,11381.79530435379,3096.3271362589103,14478.1224406127,9600.0,3753.091608897652,0.0,9612.0,917728.027729127,493571.9908730199,6300000.0,5520108.937510967,5948283.066966148,68.93228471494966,70.22183891524124,SPY,2026-03-27 00:00:00,25,2,2026-07-01,1957-07-26,1956-04-11,0.009488792934583046,0.0016515813019202241
EC_0_10_12_2,0.0,0.16666666666666666,20.0,20.333333333333336,10.168586623955317,142102756.80711442,153128878.1223331,6576968.0872359555,0.16666666666666666,0.16666666666666666,10.0,10.0,0,0,12.0000000000001,2.000000000000046,3.165069351264139,1.2230242818536112,1.2230242818536112,0.01,0.5,0.5,-0.005,0.5,0.5,0,0,True,True,69.09929704237595,70.38885124266754,79.09813343189798,80.38768763218957,4458817.375491968,3753.091608897652,9600.0,9612.0,4950781.405671003,919212.0,481000.0,900000.0,8299754.829183306,10289667.161005145,12704514.344254784,10598239.48845975,9215543.669767011,7475878.581148716,420290.0,325374.0,745664.0,629901.6722831903,171359.7537920264,801261.4260752165,9600.0,3753.091608897652,4894849.268297028,9612.0,917728.027729127,5388421.259170048,6300000.0,18086786.316525657,11509818.229289703,68.93228471494966,70.22183891524124,SPY,2026-03-27 00:00:00,25,2,2026-07-01,1957-07-26,1956-04-11,0.009488792934583046,0.0016515813019202241
EC_10_0_12_2,0.0,10.166666666666666,0.0,20.333333333333332,10.168586623955317,142102756.80711442,153128878.1223331,-1912255.5757296663,10.166666666666666,10.166666666666666,0.0,0.0,0,0,12.0000000000001,2.000000000000046,3.165069351264139,1.2230242818536112,1.2230242818536112,0.01,0.5,0.5,-0.005,0.5,0.5,0,0,True,True,79.09813343189798,80.38768763218957,79.09813343189798,80.38768763218957,0.0,433778.6837677482,1053845.4871542624,1055162.794013206,1969941.4777809542,3009008.2811674685,481000.0,900000.0,9873173.098266974,9129213.22553202,11465581.333045274,12275268.278506238,8192254.377390031,8861010.455379076,420290.0,325374.0,745664.0,629901.6722831903,171359.7537920264,801261.4260752165,1161600.0000000002,477340.4981963022,0.0,1163052.0,3223168.027729127,2120599.3974604257,6300000.0,14542413.305316146,16454668.881045813,68.93228471494966,70.22183891524124,SPY,2026-03-27 00:00:00,25,2,2026-07-01,1957-07-26,1956-04-11,0.009488792934583046,0.0016515813019202241
EC_10_10_12_2,0.0,10.166666666666666,20.0,40.33333333333333,20.167423013477347,718076687.6004968,773794119.4717207,6164247.394962676,10.166666666666666,10.166666666666666,10.0,10.0,0,0,12.0000000000001,2.000000000000046,9.830224973908972,1.4908597750976558,1.4908597750976558,0.01,0.5,0.5,-0.005,0.5,0.5,0,0,True,True,79.09813343189798,80.38768763218957,89.09696982142002,90.3865240217116,5433500.5404503215,433778.6837677482,1053845.4871542624,1055162.794013206,7135951.150361522,3009008.2811674685,481000.0,900000.0,31597902.562212873,33000267.847470734,40466158.873595975,39164190.4536739,31006232.868875243,29930879.858611543,833690.0,645414.0,1479104.0,1137303.4018017657,309394.36978025245,1446697.7715820186,1161600.0000000002,477340.4981963022,5964847.605309298,1163052.0,3223168.027729127,8085447.002769725,6300000.0,43542990.84586685,37378743.450904176,68.93228471494966,70.22183891524124,SPY,2026-03-27 00:00:00,25,2,2026-07-01,1957-07-26,1956-04-11,0.009488792934583046,0.0016515813019202241
EC_79_5_12_2,1.289554200291576,8.778161084758764,7.35,26.195876369809106,13.83190619930594,272367989.98930734,293501728.47181106,-148489.55558236875,10.06771528505034,8.778161084758764,2.35,5.0,0,0,12.0000000000001,2.000000000000046,4.795670252356494,1.3151310839368655,1.3151310839368655,0.005,1.2,0.15,0.002,1.1,0.15,0,0,True,True,78.9995687796464,78.9995687796464,81.34869299164254,83.99898697440742,1575828.9001996832,420579.58648466674,1023727.9922329547,986185.8307420557,3362912.6899976186,2909913.8229750106,481000.0,900000.0,15845565.417668566,15244278.349579547,18966102.66639905,19685031.5169899,13957321.698979126,14551116.672665656,571870.0,442722.0,1014592.0,827709.4086272345,225171.77952488474,1052881.1881521198,1129499.9999999998,463318.8646909547,1654929.5587825296,1091640.0,3119656.027729126,3690095.322737607,6300000.0,22146446.638669923,22294936.194252294,68.93228471494966,70.22183891524124,SPY,2026-03-27 00:00:00,25,2,2026-07-01,1957-07-26,1956-04-11,0.009488792934583046,0.0016515813019202241
RUN_ONE_PRESENT_12_2,1.1999999999999993,8.8,7.85,26.650000000000002,14.335681088591826,295802123.4392897,318754177.0913383,-1322788.6602250822,10.0,8.8,2.35,5.5,0,0,12.0000000000001,2.000000000000046,5.075260343042262,1.328217287681385,1.328217287681385,0.0,1.0,0.15,0.0,1.0,0.15,0,0,False,True,,79.0214720357023,78.93112110447169,84.52192721274221,724424.4379152262,417791.0357784944,1017305.3844346334,982313.5263358178,2490394.649081435,2899618.910770451,481000.0,900000.0,17155319.467574645,16282793.760272706,20229501.068538997,21235629.179977667,14943340.639178742,15774346.120410973,592540.0,458724.0,1051264.0,853587.4377775934,232211.69210005685,1085799.1298776506,1121399.9999999998,459841.4358602105,763207.1438183829,1086148.0,3106064.027729126,2789403.478942716,6300000.0,23423437.04080987,24746225.701034952,68.93228471494966,70.22183891524124,SPY,2026-03-27 00:00:00,25,2,2026-07-01,1957-07-26,1956-04-11,0.009488792934583046,0.0016515813019202241
EC_0_0_12_6,0.0,0.16666666666666666,0.0,0.3333333333333333,0.16701232742629896,910180.7532367698,980804.0376082896,-426803.8281099307,0.16666666666666666,0.16666666666666666,0.0,0.0,0,0,12.000000000000144,6.00000000000005,1.0190676230605216,1.0097587941791923,1.0097587941791923,0.01,0.5,0.5,-0.005,0.5,0.5,0,0,True,True,69.09929704237595,70.38885124266754,69.09929704237595,70.38885124266754,0.0,3759.082448034951,9600.0,9612.0,494371.08244803495,919212.0,481000.0,900000.0,114318.80914524746,110326.27419973812,137247.15342505736,141239.6883705667,53871.566821693734,55816.015581199696,6890.0,5334.0,12224.0,11327.22927684206,3081.482881272371,14408.71215811443,9600.0,3759.082448034951,0.0,9612.0,914852.4249432235,492041.1317788022,6300000.0,5522394.728481834,5949198.556591765,68.93228471494966,70.22183891524124,SPY,2026-03-27 00:00:00,25,2,2026-07-01,1957-07-26,1956-04-11,0.009488792934583046,0.004867550565343048
EC_0_10_12_6,0.0,0.16666666666666666,20.0,20.333333333333336,10.168586623955317,96108386.46786751,103565685.34380017,7856833.367889629,0.16666666666666666,0.16666666666666666,10.0,10.0,0,0,12.0000000000001,6.0000000000000275,3.165069351264139,1.8083242106196993,1.8083242106196993,0.01,0.5,0.5,-0.005,0.5,0.5,0,0,True,True,69.09929704237595,70.38885124266754,79.09813343189798,80.38768763218957,4707667.075970514,3759.082448034951,9600.0,9612.0,5196133.418571197,919212.0,481000.0,900000.0,5044970.523755209,6959173.458991309,10325137.80230738,8073340.320502634,4340839.345777507,3244166.4600263922,420290.0,325374.0,745664.0,523907.3206163108,142524.83112997617,666432.1517462867,9600.0,3759.082448034951,6027847.179249303,9612.0,914852.4249432235,6519888.311028106,6300000.0,15710285.377364157,7853452.009474529,68.93228471494966,70.22183891524124,SPY,2026-03-27 00:00:00,25,2,2026-07-01,1957-07-26,1956-04-11,0.009488792934583046,0.004867550565343048
EC_10_0_12_6,0.0,10.166666666666666,0.0,20.333333333333332,10.168586623955317,96108386.46786751,103565685.34380017,-1726501.2882349836,10.166666666666666,10.166666666666666,0.0,0.0,0,0,12.0000000000001,6.0000000000000275,3.165069351264139,1.8083242106196993,1.8083242106196993,0.01,0.5,0.5,-0.005,0.5,0.5,0,0,True,True,79.09813343189798,80.38768763218957,79.09813343189798,80.38768763218957,0.0,405792.2360252678,880553.48773559,881654.1795952605,1768446.4156205284,2662207.667330851,481000.0,900000.0,6578492.603632088,6054391.347956656,9228709.991587518,9904419.037222764,3806855.8677267972,4135940.430167566,420290.0,325374.0,745664.0,523907.3206163108,142524.83112997617,666432.1517462867,1161600.0,527778.1330127167,0.0,1163052.0000000002,3220292.4249432227,2169500.1823434844,6300000.0,12308417.566644296,14034918.854879279,68.93228471494966,70.22183891524124,SPY,2026-03-27 00:00:00,25,2,2026-07-01,1957-07-26,1956-04-11,0.009488792934583046,0.004867550565343048
EC_10_10_12_6,0.0,10.166666666666666,20.0,40.33333333333333,20.167423013477347,330577031.318323,356227360.2298743,13107183.659324223,10.166666666666666,10.166666666666666,10.0,10.0,0,0,12.0000000000001,6.000000000000005,9.830224973908972,3.238433247190966,3.238433247190966,0.01,0.5,0.5,-0.005,0.5,0.5,0,0,True,True,79.09813343189798,80.38768763218957,89.09696982142002,90.3865240217116,8407009.586634932,405792.2360252678,880553.48773559,881654.1795952605,9606912.940675525,2662207.667330851,481000.0,900000.0,11755804.652871607,14915571.39383802,25013316.163308546,21619943.66364875,10959773.568156945,9307129.561890528,833690.0,645414.0,1479104.0,810129.366370944,220389.26846760814,1030518.6348385515,1161600.0,527778.1330127167,10764603.402264176,1163052.0000000002,3220292.4249432227,12934103.584607651,6300000.0,28093023.738365322,14985840.0790411,68.93228471494966,70.22183891524124,SPY,2026-03-27 00:00:00,25,2,2026-07-01,1957-07-26,1956-04-11,0.009488792934583046,0.004867550565343048
EC_79_5_12_6,1.289554200291576,8.778161084758764,7.35,26.195876369809106,13.83190619930594,159978138.5015864,172391257.02606136,1249673.2648905367,10.06771528505034,8.778161084758764,2.35,5.0,0,0,12.0000000000001,6.000000000000005,4.795670252356494,2.239053493554628,2.239053493554628,0.005,1.2,0.15,0.002,1.1,0.15,0,0,True,True,78.9995687796464,78.9995687796464,81.34869299164254,83.99898697440742,2214052.5306434766,391278.1979763888,853440.0395433622,816539.0381092642,3665795.4425836904,2569979.077652626,481000.0,900000.0,8796242.338088186,8757883.740715021,13921598.405926682,14183911.311595691,5884175.124280397,6011927.044048613,571870.0,442722.0,1014592.0,648590.7700342999,176443.97460004076,825034.74463434,1129500.0,510923.0205011537,2547533.525670847,1091640.0000000002,3116780.424943223,4628766.59550277,6300000.0,17104817.98098346,15855144.716092924,68.93228471494966,70.22183891524124,SPY,2026-03-27 00:00:00,25,2,2026-07-01,1957-07-26,1956-04-11,0.009488792934583046,0.004867550565343048
RUN_ONE_PRESENT_12_6,1.1999999999999993,8.8,7.85,26.650000000000002,14.335681088591826,170432735.15880275,183657052.94242096,1546833.5026247185,10.0,8.8,2.35,5.5,0,0,12.0000000000001,6.0000000000000275,5.075260343042262,2.3052466635523277,2.3052466635523277,0.0,1.0,0.15,0.0,1.0,0.15,0,0,True,True,78.93112110447169,79.0214720357023,81.28024531646783,84.52192721274221,2312079.271069435,388951.3126356437,849454.7749307486,814994.8505781328,3728373.635547781,2564449.625508881,481000.0,900000.0,9101407.47976823,9179621.175537739,14659383.25438331,14802329.241528912,6216320.244153751,6285937.956002273,592540.0,458724.0,1051264.0,663621.3758486983,180532.9316945099,844154.3075432077,1121400.0,506712.06578166765,2721437.7996011074,1086148.0000000002,3103188.424943223,4792967.914713543,6300000.0,17856194.829440087,16309361.32681537,68.93228471494966,70.22183891524124,SPY,2026-03-27 00:00:00,25,2,2026-07-01,1957-07-26,1956-04-11,0.009488792934583046,0.004867550565343048
REPLAY_GUTZ_1,12.031306427874181,11.119851304450926,9.950298235399297,44.22130727217534,30.41814684764232,3110973178.839736,3352361653.27193,-2619748.0794643164,11.119851304450926,23.151157732325107,2.749282500878669,7.201015734520627,493950,6660,12.657345357182637,2.2736593775936953,37.527692793408505,1.9814454014713765,1.9814454014713765,0.0068122507422182,0.8934722576907159,0.3971721322072199,-0.0048161705509744,1.0502745708323007,0.0459961806916466,0,0,True,True,80.05092507032998,93.37358056633606,82.79978370534644,100.57427599471583,1593587.2556874298,836695.8980214854,1891584.3238957352,1565300.469581179,4062036.3358065165,4356884.793476914,481000.0,900000.0,110064551.09306593,108273112.02558543,141372954.39981973,144047202.36026016,104164004.32961498,106382590.21591225,1257425.0,973455.0,2230880.0,1532020.5448072362,416774.03778103983,1948794.582588275,2443199.999999999,1070162.86851786,1844981.3085451445,2069244.0000000012,5409102.392549399,5463602.273525519,6300000.0,142263852.00727034,144883600.08673465,68.93228471494966,70.22183891524124,SPY,2026-03-27 00:00:00,25,2,2026-07-01,1957-07-26,1956-04-11,stochastic,stochastic
REPLAY_1,4.595493792092485,6.77412308112206,2.878532843659877,21.02227279799648,12.334271066483227,193891952.83757052,208936532.1410783,-1607433.3638631832,11.369616873214545,6.77412308112206,0.8899014468750402,1.9886313967848368,813270,912756,12.529409709428307,3.190605162593063,4.2882605904829685,1.4730877989745064,1.4730877989745064,0.0021327155153435,1.2294965609839985,0.2718124957327114,0.0043507242378776,1.3158535541215322,0.001369250085074,857404,33586,True,True,80.30281251497293,76.9954208505308,81.1926322922442,78.98314133760447,390244.7967808235,434539.3897038153,1013373.8426117214,881194.1036636656,2167689.333448042,2794567.946275387,481000.0,900000.0,12653749.506771721,11915119.498659998,16294324.564073404,17210903.9719606,10154400.013397686,10844310.391544359,509860.0,394716.0,904576.0,696078.8677203491,189362.73491708693,885441.6026374365,1223100.0000000002,521592.46402796474,428534.7904767479,1080631.9999999995,3201328.8721542466,2510474.91617826,6300000.0,19392995.69191916,21000429.05578234,68.93228471494966,70.22183891524124,SPY,2026-03-27 00:00:00,25,2,2026-07-01,1957-07-26,1956-04-11,stochastic,stochastic
