run_id,man_independent_yrs,woman_independent_yrs,man_assisted_yrs,woman_assisted_yrs,roi_seed,inflation_seed,apy_roi,apy_cpi,roi_mean_shift,roi_vol_multiplier,roi_mean_reversion,inflation_mean_shift,inflation_vol_multiplier,inflation_mean_reversion,exp_al_cc,exp_norm_al_cc,exp_cc,exp_norm_cc,exp_lc,exp_norm_lc,exp_non_taylor,exp_norm_non_taylor,exp_total_cc,exp_norm_total_cc,earn_cc,earn_norm_cc,earn_lc,earn_norm_lc,worth_lc,worth_norm_lc,worth_cc,worth_norm_cc
1,12.919403024397283,19.650622674855676,6.6990744718241215,8.092755880946596,493950,6660,13.200349595220562,2.257198866410959,0.006812250742218294,0.8934722576907159,0.3971721322072199,-0.004816170550974406,1.0502745708323007,0.04599618069164666,3953162.5431115734,2128497.490741627,1018874.4725992313,674305.0446320922,3234452.309368342,2140604.7236271086,2323159.7379132914,1537498.8508297657,7295196.7536240965,3927945.7434940836,162171313.98809505,87290812.30150525,160146886.966112,86201138.21027237,172331931,92759896,170594346,91824618
2,3.6089828587438166,8.17064570338364,8.417007850161486,6.221652830067683,227182,121873,8.413556946225121,2.421870735140552,-0.002152735867291698,0.6429353842921599,0.06859475408271583,-0.0030978452505382647,0.8492821117592733,0.15357443057692838,3965573.07843514,2818016.679704712,370218.9386452984,301838.72929821775,1055152.286429599,860263.4606360751,783260.2407478449,638590.4422994811,5119052.257828284,3637702.3853845266,11735187.761150153,8311164.799836679,11421076.834850777,8088703.282642547,16428423,11635036,13147783,9311601
3,13.41958508610758,10.961225876781118,5.7748224275081235,6.422279143552845,308584,106262,10.50246661685268,1.2947621598908832,0.005621408904008947,1.2465750260514976,0.35114330246023323,-0.0026541165280122556,0.9664716593642684,0.39456915731190795,3307594.729141016,2590725.886479781,640010.6826385913,536800.721184614,1795852.706633058,1506248.3396176964,1549304.7546420628,1299459.4187051198,5496910.1664216705,4305541.830241365,29412800.70945492,22960790.76767487,29190822.35516087,22787505.720859863,35629770,27814002,33478018,26134259
4,16.754324764305252,11.003641686568546,0.9394186766028899,2.643226496434627,357166,297130,11.89964679122355,2.309539133732552,0.0031649288404467946,1.1772745202081798,0.1798483640629098,0.0006197740570942946,0.6537289025516902,0.11557556527034478,733499.27324595,490443.9028598808,866878.5969951805,588845.0174208971,2737578.016170652,1859555.859621754,1974580.5846516297,1341274.2485492676,3574958.45489276,2390345.3502013613,33985644.47030491,22661269.302853137,32708133.740854736,21809438.621735707,37223605,24820307,38360805,25578580
5,20.834601751751652,2.727810785419115,8.222650039568236,2.325954890613878,787343,17674,8.762910461263962,2.8909344665887238,-0.008296262891450783,0.7249803681919602,0.041258090523399994,0.004622865106826061,1.4801786635240763,0.06629288876478222,4032086.917072561,1756837.4893614568,1086952.152185273,606338.3193309661,3853880.892339259,2149823.852379112,1999062.8132032726,1115144.198351152,7118101.882461106,3101458.003609049,53533367.25305594,23369902.499315508,50913544.94992784,22226223.427154377,59740241,26079503,58475083,25527200
6,18.071956835125974,17.043270207978903,1.358996059264953,7.808374032389677,581827,63010,15.794195362491648,2.2038326635789085,0.009098916032893435,1.1949214547473654,0.08720679319712345,-0.0010427268543838483,1.0283387719924717,0.00909878047244883,2951314.414545943,1713952.9129581724,971671.0925304596,694787.7435426611,3030716.95000664,2167096.466282494,2447498.01365665,1750069.1698105063,6370483.520733053,3699608.8026061035,204952197.25855696,119058924.4009986,201666012.07793167,117149944.26699121,214681246,124710633,213788977,124192304
7,5.398287571445336,13.07023215053223,9.261420143566795,5.216998845146942,597821,373668,11.421909875598036,0.41247748400563555,0.002868190772976807,0.6754594697713834,0.14353622018471904,-0.0040663761898047015,0.8125921059535908,0.4268008687730635,2145222.8538027667,1988742.2747774345,543643.205475345,523383.54048491933,1431607.8845475179,1378256.9075713141,1146851.057578407,1104111.9632856012,3835717.1168565187,3555925.563098314,31625690.79635559,29326878.489378236,32262555.809120115,29917450.975644175,38821746,35999866,37564488,34833995
8,20.258955727619167,8.813606432853696,7.598333470655342,6.741717536630983,12457,807061,9.436045128009173,3.1757481313249736,0.0017200427596117205,1.0235202597495716,0.41659181356585334,0.004114883130948881,1.252767283013994,0.16495872446473966,5292397.412222886,2221600.968129236,1128246.3704083664,592235.9495454807,4079132.8237970914,2141207.066634933,2333168.0272961194,1224720.0774018343,8753811.809927372,3674606.28463794,56430840.50128081,23576234.449858878,55995927.045955196,23394532.00670774,64236111,26837197,61894600,25858938
9,4.828546412136003,14.01760807421794,9.062494096166798,5.880716793009349,233985,283774,13.556246947367256,4.204869958579627,0.009566396408633814,1.3767276055061575,0.2447363915667352,0.0042110252651136335,0.6096911186706206,0.32552752600780105,4616880.247677683,2046150.8161485572,734990.1169206848,422975.81345128274,2526230.277130998,1453807.7204513655,1471567.2344858167,846864.9220246074,6823437.5990841845,3024072.894099368,59930916.94225698,26386468.627596088,60346191.437410474,26569306.267954003,67698140,29806232,64872499,28562155
10,12.296150148939029,9.52333725751392,6.726469512838844,7.658853425193936,441738,174514,10.238997979472163,3.4684249711258497,0.006228320467564627,1.464617856334682,0.469948447708327,0.003753047126286162,1.1739681680648621,0.17648103786180422,7071414.363879168,3693933.677365994,650301.5746059909,433217.18885412754,2066111.0626110972,1376399.5988278326,1544135.1111233926,1028670.2326641872,9265851.049608551,4840253.657944309,24307193.25494326,12680953.269080091,26057079.114805054,13593860.842669185,33014335,17223430,27358731,14272926
11,18.277055289428187,7.015662627904321,5.5822807133094585,5.902261053054688,966101,244113,10.971627550998452,2.7101127052461926,-0.0031469014739336984,0.7060727881046862,0.08485256670795482,-0.0006164153313985002,1.2723824581876748,0.04015473244895297,3065632.9852835904,1621791.0210939408,950542.9682639524,570089.3171080117,3190370.7725356454,1913428.8041265607,1943677.6689223824,1165723.078229492,5959853.622469925,3152900.9305273346,55707272.3050416,29387505.42731321,54604903.24004535,28805967.76553206,63603514,33553044,62777708,33117404
12,0.2014772393878458,14.339788435121477,1.4696215106103458,2.5199303909107003,78604,653547,5.266168384939762,2.6083962115699855,-0.00410056700698547,0.9197605744473766,0.2885619543738653,0.0004984832804030628,1.4595104296212758,0.3331384028743863,787275.9259089641,510796.1511986873,657641.7930875251,448522.0840180341,2070850.1129943985,1412352.466239342,1152781.8615990737,786215.4267221153,2597699.580595563,1685425.5338833923,6083211.715271981,3935097.953105988,5280272.897598605,3415694.21610247,10357229,6699867,10983161,7104769
13,0.33437049494075316,15.740867897594692,8.1528282440057,0.8500937956988487,335239,788142,12.260563093671628,4.3654358535330395,0.006560194479038219,0.5969526691504059,0.2259140897253148,0.004071387860344778,1.3257095519376756,0.3417774681834751,1737641.6081094816,852845.3060236133,840491.522461126,431455.03518731106,3163537.7816318446,1623959.6336362634,1474690.065494443,757012.3399165054,4052823.1960650505,1989150.8253351639,29085860.38591926,14269334.840682682,29037101.988269437,14245414.286395164,34535520,16942902,35120924,17230098
14,9.704672898971348,10.152865610982913,0.46460450235663553,0.4248557676367245,952070,335773,10.710234714102196,2.553709721903119,0.0036624400301803143,1.3653599195821668,0.26078941047862453,0.001696102931054171,0.6380186046819957,0.13716794471616675,200010.12822813244,153177.28918571476,516154.46886033105,398883.1142793661,1519885.5197172302,1174564.4105175263,1306407.736060462,1009589.2174082124,2022572.3331489253,1548982.2936386783,9796886.221558228,7502154.659900447,9156657.235490838,7011886.9602859,13904971,10648000,14708692,11263465
15,20.218729422768643,18.153666865933126,5.491297410600687,2.4152294962848813,244990,573862,4.941520467516036,3.205256891723618,-0.0014135041013882427,0.8170582086041996,0.16139373578340813,0.002211354244797896,0.9229523327456215,0.2148615468552213,3751196.2544601387,1667166.9945103975,1237573.4160868987,654521.9682239374,4524902.699526333,2393109.113704351,3054714.87349583,1615563.1378098677,8043484.544042869,3574814.8172036093,10420808.583113603,4624657.495070189,8221628.628770053,3648681.9766882733,12156838,5395091,11692971,5189231
16,20.01376624346427,3.2064103961389705,5.275759658583212,2.283063144127176,879125,876806,8.61967632527707,2.497274886554668,0.00022711308809045955,1.4258370195609302,0.4202649286075965,0.00124540442279492,0.6664881993179701,0.026538509282674348,2072847.7318679132,1113565.7189362107,1014266.0051727568,619503.977800496,3463524.9025167334,2115487.8930944023,1890458.2396640116,1154673.8166957502,4977571.976704681,2674028.309740355,35334893.700619996,18915814.4033561,33390064.91612203,17874689.99399577,40943455,21918243,41319866,22119747
17,4.273662415990888,12.641764562327923,1.6312595647101171,3.77307059958584,514650,448533,11.6697409089491,2.391436898771504,0.002493656716342829,1.169619348413461,0.4634413930056576,-0.004362309648819998,1.4273172109526095,0.012478947196960997,1063491.4465850422,721540.4361775413,594259.8655105092,440238.5577948126,1804140.2325685523,1336540.022542598,1202405.376120674,890763.8549901928,2860156.6882162252,1940512.7431710113,26656576.367364865,18084630.999651052,25872847.050742414,17552925.228459895,31892706,21636980,32039095,21736295
18,14.899827996873679,9.055774431115669,0.27129936309379205,6.961117445243417,3318,451795,14.491307938319299,1.865036255519259,0.004403519595295462,0.8754002297241132,0.4509676727703363,-0.003148698088971326,0.5373453684032442,0.0991419890943999,1394646.6949718017,1037769.5785230602,708266.1483929479,539278.3103487159,2066367.5391034312,1573345.2708075633,1592930.5639180199,1212867.373319589,3695843.4072827697,2750111.4575405917,41073372.36661552,30513308.149256013,40095807.09758058,29787077.2952656,46590327,34611840,46553782,34584691
19,15.280194487540655,2.9503013666683,0.6073716432624537,9.36569014499257,401244,730930,8.083157093444715,2.4507508160301894,-2.960832621616387e-05,1.3161680092063162,0.16703150452415308,-0.00021397725444322838,1.3642839375252565,0.4195341867869465,1637099.3636572033,1115555.8986384321,719936.9427876921,496057.61712100974,2254252.432894491,1553245.8800084754,1367106.7257459282,941976.532135843,3724143.032190824,2537713.848750606,10982416.450692957,7470193.339824344,11091799.000827419,7544594.888989409,16020836,10897305,15918052,10827392
20,5.737129371566075,6.332690925003842,0.7246405969050975,9.558626421101849,915956,634289,14.647492512034477,2.052367773984498,0.0005733053033956919,0.5417741347053145,0.3659707462555075,-0.0025232556948429057,1.4426282570397193,0.17495486730371662,1841674.4826220272,1332889.3537506408,299605.26652288664,261294.92766168018,830788.841506058,724556.3896884096,747253.1404059906,651702.3466689675,2888532.8895509047,2090540.305993447,41794437.08254993,30247143.706366073,41825879.787517294,30269899.175324447,48628554,35193077,47318063,34244659
21,1.4551087979614483,0.5544225193063024,9.14139558824652,5.6534231023603745,124535,645674,13.104620161375014,2.380625628829036,-0.004909080973815908,0.7616346740496989,0.25184266031412117,-0.00037647384382973655,1.4602237139872543,0.47781046997372684,3334334.0059742024,2611728.913498797,58109.93206060707,56320.82129957082,151681.03936993558,147011.0256535389,119887.2882632858,116196.1526873641,3512331.226298095,2751151.204729786,12575598.310793169,9784508.453907436,15135284.933939518,11776085.696163481,20928237,16283321,17687474,13761829
22,11.922286552046693,5.08336553448234,6.039675188715343,0.6439699449965531,692581,275338,11.613030625447362,1.1430779757570786,0.009271549627914521,1.3920590988238546,0.10345974488505703,-0.0037991931892084945,0.7481616147076238,0.22429915419275037,1034011.1061766163,845695.8760199231,521158.4028978151,451642.2186409174,1433539.4841801384,1242322.7746966225,1100703.4244588458,953882.9920501559,2655872.933533277,2172182.45887814,32841535.19413553,26765321.47375007,32102279.27177829,26162839.820675626,38651136,31500052,38529506,31400926
23,3.7514221413026494,4.05727253937974,3.83527434156964,1.3013737858616479,631997,622962,-3.1401615841136765,1.1131809654762126,-0.0047780438926097795,0.8026960858478318,0.3403208814524362,-0.002360684897293768,1.2275240872862696,0.4427095793649382,959503.9725173061,884853.0941980229,182636.3561103203,174061.66639851677,479352.31789150205,456846.9554538577,460001.27203091944,438404.4319564411,1602141.6006585457,1477492.5308196342,-1119608.1233301256,-1029454.3510689479,-1071269.371169363,-985007.9615687283,3535699,3250995,2872911,2641577
24,1.69090956285698,6.696135090422954,0.37167506805637285,4.956818414190173,379424,92098,15.821210875824399,2.0869688830498,0.008440192805997991,1.1584287841270395,0.40266401698223786,-0.00048544026599323196,1.3501836571052634,0.3460958302080789,821698.1002073726,647218.7741689343,282827.6722223357,247707.68363929816,779011.0457656147,682277.7282002767,556008.4189807958,486966.34409030277,1660534.191410504,1307936.4593383858,24428278.462203566,19197260.372180663,24122486.35825271,18956949.920161523,30292808,23805972,29967293,23550163
25,3.910654782063191,17.862686764043723,2.7579970180564093,0.36523489656890207,194287,148824,6.498254893460009,3.902730866553883,0.003951296065833816,0.6505634943906045,0.00895078929241444,0.003163871821916182,0.8279150537326215,0.38131144153517804,614079.176616179,305978.69467265345,1001716.9712027018,502209.87121496425,3820474.5120039764,1915391.340879376,1898953.28627021,952038.4627166464,3514749.4340890907,1751302.576110986,9585360.495989176,4766135.556128813,8429191.728206333,4191252.944742293,12264117,6098095,14468796,7194329
26,8.332852276359246,9.595714662110662,2.3476588421705773,5.41219022213353,112257,965035,14.299202908475038,1.5436599240329807,0.0012430922967643296,0.5548007226916251,0.3332803387814123,-0.002409376437219944,1.3022809025220217,0.24845211561803915,1569745.6906921242,1241019.1873096724,450821.3359395802,388086.0709506085,1236921.3843803578,1064794.2363652796,1108010.8003412355,953822.554070287,3128577.82697294,2473410.269757206,34446376.79516758,27339902.30243393,34076363.179823846,27046224.504207928,40446794,32102401,39663149,31480426
27,16.64699345678727,3.811571670515219,1.1923745357375182,4.46507663347634,842898,938554,2.279102785892473,2.366037006336996,-0.008486251282086178,0.8269509186955506,0.3398417760344533,0.0009532327348974702,1.3117456506810727,0.1292104731050828,973602.2937965186,642178.2585906308,792183.2574301696,543616.0137959085,2489979.4969572686,1708686.3624970894,1526836.6492141765,1047753.5913291851,3292622.200440865,2171780.412133954,1157563.161563248,761351.1271946648,699039.0484652633,459771.16858433693,4518579,2971954,5242773,3448270
28,11.21001457235943,16.36089923730024,2.507265834864832,3.8568192314292626,27254,815455,2.9533253168414264,2.8030325798995115,-0.009516394199158949,1.0602546608982721,0.45507595171703,0.003810217302601689,0.9341641512953456,0.11376795072114092,1667262.740100542,956176.4183396682,872131.0104020636,555859.7263781601,2833574.6630475917,1806001.642055583,2003960.6974087849,1277240.4967238833,4543354.447911391,2605617.1464549974,2855426.8407051186,1631364.6019046756,2520352.475930436,1439929.6647853875,5438900,3107356,5733081,3275428
29,14.424388420381753,15.338344492080486,9.458547958576062,8.147261752883349,569877,138862,14.026550908973402,0.9440692091557512,0.0026673705791224796,0.7964269834228734,0.14951579929441283,-0.004995268205961051,1.2812060343678588,0.2337511267058832,5395714.964726047,4308525.532242211,738766.197035482,632262.3020592864,2046610.2275336378,1751561.5888640187,1860560.4144210375,1592333.5629901942,7995041.576182567,6384110.537252878,116705786.077994,93216559.09133913,117566496.43619499,93904035.35675883,127696519,101995201,123608648,98730091
30,19.380979784934514,2.1117389658730343,2.6017891420896975,9.611527895307852,388022,693398,7.68889758807112,4.611746264156191,0.0052644996752693185,1.4499640501703912,0.03333294856880809,0.0039860040527555434,0.8765555971669171,0.42353688188158306,3827728.5122615607,1422057.6368792278,1173688.0572048412,493353.2672132957,5035617.1733900355,2116693.758343124,2127141.1401503924,894131.9841119044,7128557.709616794,2648364.4016083633,16777501.195229817,6222391.6051609535,15946654.903885962,5914249.711545293,21919982,8129620,21954183,8142304
31,6.294311733066582,3.0275904328231857,8.55771979489866,1.6614157273742887,269295,664565,10.166225703002919,2.5661162330050002,-0.0027776285307197553,0.6378573532231824,0.23417324533486283,-0.002039514006522325,0.8537918227747225,0.1460882076910006,1806097.3092837897,1242383.0170152334,277420.848954514,237938.35105760928,766798.0799773779,657667.4804058175,598696.1831705216,513489.82293481095,2682214.3414088255,1845048.7294521614,15986550.06850418,10955017.664137833,16609532.185163593,11381925.287308617,22794558,15620305,21477838,14718003
32,8.74530785717629,2.3698438111143547,3.145208878832711,4.140661284503385,167559,395049,12.843751855865392,2.2830877989066467,0.005496705108240163,0.5837412688793783,0.2916656227197996,-0.0011026730709934951,0.5466071726097589,0.1322181430083445,1090858.585279938,836643.384536672,375670.2179078247,311152.7923636457,1054742.0451599823,873601.145181531,743410.6881545422,615737.6881790002,2209939.491342305,1694932.120998435,16349660.971799793,12493374.917460904,16426336.908970486,12551965.81007167,22258319,17008397,21846532,16693735
33,13.858834209421177,0.8470202309512294,4.416256972475332,7.358190257903469,574154,487698,5.776320916181055,1.9177392784635705,-0.009321506435124766,1.0498296707057886,0.12207839182923606,-0.00220761155858674,1.232793475812925,0.08127240363144547,1850594.846742486,1310952.1835159694,605878.1364384742,474832.895323582,1791498.8058791738,1404015.9461187804,1087579.0449391804,852346.8264383699,3544052.0281201405,2510588.826580046,7845807.309725775,5538493.378386155,7928816.965281409,5597091.354284325,13079587,9233111,12414613,8763694
34,7.149227836491098,8.478155649490487,2.425615002142789,3.9899945793438945,471328,82514,16.07142382938975,2.658281172775845,0.008616962259177198,1.2536319622405254,0.06240338870559538,0.001046737549790927,1.2032623114292091,0.24028787455008932,1526659.9739935906,1103126.3043045276,411998.2004648803,336535.3279487593,1181176.5220309454,964828.554490115,1006224.2340194716,821921.0719940938,2944882.4084779425,2127898.3553736163,28950320.01042505,20855879.662557896,28238936.863525335,20343397.5449036,34535861,24879717,33778379,24334025
35,7.729740710405017,10.731344508306538,0.055774758262130644,7.932305369310582,208372,519216,11.561882284987046,2.5963263871291664,0.00016324934088437874,0.662370520768742,0.026683990608529228,-6.719591532574221e-05,0.9080033384864439,0.4963940642440052,1863319.4219573997,1158287.9015897077,522745.95196027023,401749.32456047204,1535552.0708213053,1180127.7560668318,1223342.2427067484,940183.119296699,3609407.6166244186,2243701.81782895,34589288.97890653,21436201.892969415,34051381.69531523,21102841.7843591,41178780,25519942,40328267,24992849
36,13.570441472942314,12.512907772304219,4.9824001807649925,0.2832717849380231,295973,561738,5.492207459623,3.051909644818074,0.004851851381305904,0.7434741642664975,0.09203157696006178,0.0027111023685628243,0.9593947454673148,0.26117026156790574,1575436.6890499985,897759.3736931167,751346.1160671047,488288.2030232194,2441177.5349665363,1586483.467897506,1878922.7748223841,1221082.8082000527,4205705.579939487,2396612.7192714456,6981496.012814753,3993224.0270475904,5933172.612575669,3393611.8261286104,11075155,6334685,11189550,6400115
37,15.172417741194591,0.3507851255966279,2.258498268022568,8.345967495327702,457622,328424,12.139499688582788,3.926692932498055,-0.003513337332802593,1.1201324838098352,0.3748757263552334,0.004317336420624808,0.7634530797565888,0.18230432607015437,2248701.9642954282,1147312.2118876518,796699.2114175982,439054.99099950603,2911340.8147113537,1604418.2005968948,1401428.283262836,772316.670427705,4446829.458975863,2268820.779041439,32167854.346122682,16394482.328355039,32645818.79343775,16638078.920181604,38017458,19375757,37883398,19307433
38,15.907013296268646,4.360212238001975,5.36912714794406,6.147320397138857,210145,896808,13.905543761409223,3.0082207245941683,0.005913335657203934,1.030406222465209,0.2247371948593244,0.0017845221829695381,1.086757794576246,0.355904959775064,2850928.3483118927,1519799.564592183,795441.2410009662,493125.64160389936,2627795.2329095737,1629074.7115419274,1557856.2847331222,965777.03083257,5204225.874045981,2774317.4331609565,79355002.83589907,42167134.113677494,78939571.28824128,41946384.858317204,87471263,46479898,86452689,45938655
39,6.512289098470237,6.842097412015298,7.19584093351794,3.628087106140315,702473,836564,13.610472023805077,5.463167503266098,0.004625964196312315,1.2169864615705093,0.2579344604332335,0.004762764815243543,1.1076175290410595,0.4615993665083997,5468297.972569467,2643073.930249079,367849.34341593424,254418.20118873668,1146351.0362736958,792858.7444828488,928062.8070610024,641882.5374812451,6764210.123046404,3269446.4574961946,23397968.009790257,11260093.407582728,24825201.472587682,11946938.611354372,30877251,14859441,26187454,12602512
40,17.79479301341503,15.89873086580699,8.035636454637658,9.172116578611684,95101,523366,15.951405714854584,1.9893516149529722,0.008348806293610579,0.7333090179806352,0.2996469225272915,-0.0008159692185387936,1.0447810526139227,0.3233156579358848,8269049.143684452,4992400.543536377,958576.8468692919,663077.451996799,3029219.5122377244,2095405.4568224547,2372688.6046586903,1641262.585777279,11600314.595212433,7003636.800799924,242899361.48720965,146024785.52474567,242287863.0880659,145657168.57410008,255416750,153549914,249218343,149823593
41,1.3093939562786618,12.920337057411954,5.617906268758299,9.000617682878428,88904,316823,8.111853943395575,4.268217267873964,0.004057141098538138,1.2078265193901547,0.18830248050420767,0.0033443593750377342,1.374152890026941,0.44860144984824046,5334201.47972527,2133464.9662672384,666377.8566108085,382660.3021514304,2352417.6766943038,1350850.4972366567,1209216.1343339891,694379.3325966945,7209795.470670067,2883626.745088568,21039883.778544705,8388812.267785283,22217047.927231573,8858159.397058468,28140448,11219878,24492286,9765319
42,11.47829986776493,13.279655056867671,4.682213715906444,6.037460697173485,615658,680283,14.261759275130427,3.342782243247999,0.0066487820572485225,1.1015162966446066,0.3920451610721122,0.003414139045806677,0.5734032704253722,0.21562778737955476,4800205.775311776,2547556.473795318,716532.312864783,473415.46177654393,2286236.365184197,1510524.5431663494,1753214.591131335,1158355.1507054572,7269952.679307895,3858296.0563088604,61192644.14896928,32405320.89049946,62118561.958087124,32895652.108245958,71000472,37599177,67769970,35888425
43,1.8618765332580793,1.9406281643810148,0.5611338684275201,3.2508064196756288,803225,345160,5.806377649568595,0.7544347944465013,-0.002811612082825375,0.5730751670721707,0.12885679217523932,-0.004134776748637087,1.0116855004777996,0.27060837571525514,556931.5768851215,535870.4811814836,86406.97451164803,85409.68417494834,223187.50996903426,220611.52871032027,218866.1272853895,216340.02247722753,862204.678682159,829599.2815247359,1853664.2902635452,1781944.5488758066,1867281.6309514106,1795035.0238536014,7223826,6944331,6803675,6540436
44,7.318039692770243,19.423226773133898,9.652002525720466,8.88898652636367,981117,23267,7.72209334096956,3.790756339236001,-0.007524170464260026,1.2354457424272178,0.4947389990560105,0.0030248409146901066,1.1850002212673187,0.30846206671663984,8120235.515937451,2832604.424603411,1106464.3616508734,559488.0431664438,4158782.6058366294,2102904.732170994,2230037.376696271,1127627.1440087385,11456737.254284596,3996485.6406333884,32856051.916507818,11449491.577459201,33076078.021376934,11526165.03295902,40511637,14117266,35443720,12351227
45,6.816085551105046,17.67526811251468,2.997553297842682,6.692687106072858,860897,910796,5.513468991799875,2.135400610497995,-0.0068878385893281924,1.0813618624666743,0.44142631607025246,-0.001954931871049636,0.5908575609245631,0.20025284597613446,2243221.1529495567,1341369.4038592621,855168.2039616902,589730.250365987,2647665.210203606,1825849.3008337272,1758318.8707326157,1212549.5581531671,4856708.227643862,2904145.1447919346,11933256.869169474,7123680.14967229,11194099.989739778,6682432.865111533,16727744,9985798,16277020,9716734
46,2.76777018313373,0.032128441858924384,3.4748755725003933,9.468741500231332,887747,464752,6.563691671204119,2.375452674461531,-0.005981869553315008,0.905631385524841,0.4457110893849503,-0.0015514855689022222,1.0332814609181207,0.05635266745448672,2790034.4733791407,2230291.9520742022,108388.9534284414,100702.92242346576,290650.61740747996,270040.12541224115,188975.28007269843,175574.74601576946,3087398.7068802807,2467998.3543212907,3703316.1674345653,2962991.173347988,4413667.591339253,3531337.1918470836,9947456,7958873,7339683,5872417
47,0.7011860885113316,19.337488921307973,6.309477667836116,1.8717240939295494,416162,355169,11.261513103390474,2.1753484329879003,0.005174018392926288,1.1393156908770639,0.3252433612331938,-0.0032246938804805147,0.9940196146012859,0.07590196622557932,1301628.936399838,824253.1760416748,900389.6362295686,586040.9423095548,2873954.791075147,1870584.807006054,1594734.038749351,1037972.2302395602,3796752.6113787573,2404283.8254881417,44028170.256474435,27869259.541225877,43115659.863259174,27291652.32215589,50574716,32013138,51246652,32438465
48,8.02450773026363,8.19261413786474,6.120216809397548,8.731717927666718,468545,212431,10.83383509231064,2.3844192778063267,-0.0018258893391379614,0.7830508916067632,0.475826199952371,0.0007598630169514727,0.6884497869519317,0.032361671283795704,4940156.781782828,3320082.702613426,405033.6371661767,338703.8274213665,1149656.4041291664,961384.4100021607,1032014.83272591,863008.2583893526,6377205.251674915,4285865.769519246,23176317.74189804,15526323.25450306,24230612.229539238,16232618.240740908,30575394,20483127,26379860,17672446
49,19.779079704001912,6.5738142275267935,3.951983307433423,7.208475896722401,626460,388419,9.327850092527079,0.5689081084308656,-0.008977356022833744,0.710317724250684,0.3016217093672535,-0.004783631660516536,0.7891575598034363,0.3755098454911831,1479265.160603337,1294124.3430167816,843916.5283304396,740840.3414569506,2307757.8371284856,2025887.6875424671,1715627.628285565,1506080.4182453312,4038809.3172193416,3533322.8912690356,35904308.51200125,31378549.33628743,35329703.54540833,30876373.66321786,43371507,37904503,43356083,37891023
50,19.162474310061498,7.89860892003469,4.585205233246278,3.086843115441723,422712,435279,4.468284521013222,1.4520080423448212,-0.006391847534538277,0.5385989457126944,0.3487992338357109,-0.004488107010431934,0.7531694291841768,0.10371649804104831,1387476.5371923617,986080.7435948236,892182.6185759144,691170.2658548403,2635956.4575186973,2042064.8055585928,1866148.7644164965,1445697.899478505,4145807.9201847725,2946429.1807122137,7179314.16389749,5097914.896792162,6228102.105883215,4422474.595691482,11595299,8233634,11951596,8486635
51,4.5038147731152485,1.2413497938323044,8.65358989295791,1.9484514633109875,858144,997698,4.281079436737678,0.8808312000184282,-0.0005085791326142359,0.9526996247010893,0.13499033728366505,-0.0028792013654618744,1.3908206996735162,0.48783058170530724,1333927.6530528252,1191423.178539799,182606.00820727288,176703.86556366747,479774.8172497118,464267.66370083566,361739.4357542429,350047.3902919959,1878273.097014341,1677615.7974453492,2954953.2770440723,2632712.091624225,3522110.318655483,3138019.9802125134,9057246,8069543,8020487,7145844
52,2.804768255864488,14.475930291984618,7.683704703172001,4.727064839565211,314667,167061,11.514265896058017,3.366450607037952,0.0009487181517024348,1.297838809412994,0.19379889570727996,0.002148915910344543,1.0614687654362522,0.36816382059532865,2977516.281060957,1580449.0666050822,732743.2250390842,453587.91396674415,2487654.5398756918,1539925.5767283677,1385327.3271333452,857555.1584827312,5095586.833233386,2704709.12472031,35397897.3676453,18714149.461674552,35501194.69736172,18768760.662086472,42577008,22509599,41354403,21863233
53,21.030413788834387,18.19552405920174,1.8901108093422838,8.475511810656013,602717,307094,6.651664415872283,1.193674456606253,0.009693848168610715,1.2800288234105381,0.07463246966150643,-0.0033268368764795336,1.0781436850171047,0.3536229135166403,2724955.3362761335,1998104.4668420723,1048009.6798278252,805729.016521434,3058330.7487650407,2351300.6357007613,2574556.9494885416,1979366.4875601367,6347521.9655925,4654392.614801857,20327406.82293754,14798900.175480606,19357683.560566127,14092915.49761789,26283163,19134851,25568529,18614578
54,6.6593887840859525,16.745158725550446,1.2152007902522537,1.7324146375807379,549782,840134,10.199657047684774,1.2815763825430038,-0.00429780790421571,0.9278365164687243,0.3185045404643332,-0.003476896983316577,0.7957403896390085,0.2676836763204966,461251.20257260645,365031.1000252663,744856.7852083099,606041.9573461701,2107919.0398661564,1715077.8595518565,1551582.942210926,1262423.0348112676,2757690.9299918422,2182418.057861137,25924077.850710735,20482829.52893781,24786973.064471092,19584393.579654958,30712857,24266484,31614668,24979012
55,0.4963197250769413,11.19287366582489,7.398050797517848,2.177603165244478,773259,943568,10.485060604993347,0.07838569713916055,0.0020731740172503406,0.5070224748601307,0.3593061652440289,-0.004249182003562029,0.8954719475487719,0.4728472301016355,1045165.3849830388,1034166.1891602452,421099.0577193359,419576.9206523984,1072202.5703697281,1068326.904429119,749547.9522041031,746838.5784817392,2215812.394906478,2192493.4496100405,14013458.480939731,13866911.849137597,14317464.560935406,14167738.766249867,19898471,19690382,19504409,19300441
56,15.712693405924746,2.5633040002016485,4.219402745490079,7.473592359989797,923558,792771,12.75443431281429,4.276673458399238,-0.004540748808992131,0.5224624944392052,0.26998093087789876,0.003229572872041511,1.1511114064360788,0.4017550578886012,3477947.58327759,1513902.148885655,853106.1744255341,442499.0407857096,3178521.187143471,1648672.367627801,1585088.4934167278,822172.1503418698,5916142.251119852,2575214.333346296,50674886.61189188,21930544.809900276,50590693.66806153,21894108.672578648,58121448,25153189,56968915,24654408
57,17.39887083869166,5.979442861291626,6.917311363702047,9.918284287895471,146502,907676,5.936339058005036,1.7455303535617306,-0.001729979000037742,1.1432104039456452,0.3600607214286021,-0.0038092179691178573,1.1162681178201805,0.20911716502215705,3192115.372100071,2097613.653252215,817672.2855563893,605179.3121399287,2476228.0154887815,1832717.0843211564,1657525.1742021868,1226775.0326106877,5667312.831858647,3724123.782386114,13281561.29800299,8717176.911626158,13488259.906370007,8852840.80656245,19056325,12507367,17522766,11500835
58,1.0785020352823975,16.10918529755704,3.239465979707096,1.443389122434993,741367,887062,8.01540527577329,3.7124907090875903,-0.0036349396883666287,1.228275716982308,0.21478147938244382,0.0048119409130562155,1.1924927308756645,0.15555263399703334,956478.7140510948,504749.97656372876,827185.9354654516,459439.34544122074,2942140.7911353377,1634137.116360088,1479639.00809495,821827.7756208705,3263303.6576114967,1722100.4717641242,13775893.853327101,7256996.423301261,12805965.213942153,6746048.187069458,17692106,9320016,18850582,9930289
59,11.171776973520588,9.857179426430356,4.394502464830462,1.5762197171859218,937362,768403,10.581245112240767,3.543428764095058,-0.007824471307382511,1.005314625331171,0.11952983974791043,0.0015762810981283506,0.5277800739361508,0.48271457830964715,1699047.2273462776,990704.1751102937,600376.9689756862,408408.61451882205,1893480.3960614265,1288046.9190771289,1479551.472915779,1006470.2651631644,3778975.669237743,2203497.8856953373,18763536.501950927,10905738.50575453,18208917.903745275,10583383.207656538,23953080,13922004,23547136,13686061
60,13.969613528283663,13.536094231250738,7.888848988691151,1.0295926847009413,50874,599669,12.077725338847367,3.1005945296631587,0.0032908598055079574,0.834381940760623,0.19573344115954783,0.002434819597691623,0.9436286814707913,0.07048386695305946,3170375.0200696997,1636620.6676041926,781877.1582390608,513500.65902622865,2540872.9565127823,1668727.5282600191,1984542.6223256753,1303355.563839471,5936794.800634436,3064710.3287578328,58882828.73253,30154215.24167811,57613302.87247231,29504084.178631756,64844797,33207371,63433418,32484596
61,10.165358507202642,10.272621152108766,9.828676886544853,7.06641418567485,798451,505506,12.742328274977854,0.9043009204314112,0.007229300031204136,1.3459220229179998,0.1813278128535009,-0.003975125323251991,1.0068619921683026,0.2953018303594674,4394377.039428692,3671205.6034244043,477871.3303000329,441439.3686176833,1271005.7862507994,1174106.8279607908,1219294.7655394485,1126338.15282587,6091543.135268174,5089073.397899742,51769802.15226013,43239727.40397571,52657753.985528775,43981372.02346785,60259860,50330884,56658617,47323016
62,15.598179288725394,10.560685471486941,8.76719028034777,0.1515160366902642,535661,547637,15.954131034942808,2.615214929831544,0.007410563344748761,0.9604242402191873,0.38065859559274495,9.335354233655849e-05,1.090049266883089,0.4502242764304137,2789019.3528557806,1488152.9476114651,816457.0863322961,544686.0628242567,2606119.3600937543,1738630.1341033352,1870383.451270496,1247795.8916624966,5475859.890458573,2921785.7625653762,196022400.79419622,104364288.99821037,193709062.5054033,103132644.52929233,207130578,110278394,206131221,109746326
63,8.243864423401153,18.938000360701988,9.92291516699967,6.5281828106334725,727574,824401,9.214049381299638,1.8929886585806521,-0.005733331317194045,0.9758158081211148,0.13539384852364092,-0.000966403298323603,0.58895611597699,0.438525060668899,3441259.0629163063,2136459.3210644135,923210.7013405679,651484.9311038915,2856787.877039268,2015958.2753415129,1934088.8017716028,1364834.3849798616,6298558.566028478,3910375.2178011835,42417273.169611454,26294388.413030278,41984576.69122743,26026160.674248356,49157310,30472525,47649629,29537916
64,17.66273028220024,4.490441238268809,2.023894371169128,9.800659852378072,839192,714825,7.629877695197584,-0.22577129149995434,-0.009631624551917491,1.2619140628724712,0.15936379295253206,-0.004648090425320946,0.7327842756303723,0.45586570312080155,1233942.4639278539,1291617.6391724348,678659.523738572,713010.8058422527,1697796.6655198836,1783732.9710927913,1344725.6234030006,1412790.7541877246,3257327.6110694264,3409576.963279438,15957146.256839884,16685615.676975243,15829822.601052336,16552479.49128992,21310259,22283107,21095454,22058495
65,8.587736549503589,5.282848030237748,5.942585624029403,7.579556836614345,251988,76286,7.543766163926047,2.432001431971087,-0.0009207789101550387,0.8662319379357057,0.27361109994663496,0.0014007026813564758,1.1442178387835038,0.021338775626182298,3961204.1844284036,2794661.3119162684,404317.311325256,328750.7912011581,1160450.881927191,943563.7181430156,913948.4421144916,743132.3493851013,5279469.937868152,3724708.3704457255,8152799.410659749,5742752.112114707,9082710.474701816,6397772.3644373715,14387993,10134761,11182922,7877141
66,10.532570556057554,17.53439918517404,4.846678351984426,8.926570806873658,485168,155496,2.7653843073746742,3.355987395212834,0.008834271450481395,1.0141678413818858,0.1095144057758724,0.0011745393990546882,0.8827875482674129,0.43093326847718094,5424807.960715226,2267356.266445528,976971.0325213677,551475.2249950403,3414101.179464502,1927173.0209256124,2160835.5372007214,1219736.5371004322,8562614.530437315,3578835.9428275316,1782630.241627447,743304.568294843,2504333.1423978168,1044233.5274066943,6169072,2572322,3181395,1326548
67,12.752671171412862,3.5121734546217516,7.058637835479838,6.838586494126072,668174,114969,13.004690153355591,2.675334137445784,0.004353567760395163,1.1133995006697144,0.1725404834808771,0.0023033535288949167,0.801104000175795,0.09110612859645276,2947170.16303368,1761835.8185283244,606490.3221107714,432958.28858868446,1878386.0683829489,1340932.8852033555,1193863.297201883,852269.1807619054,4747523.782346334,2838097.899458564,51736999.43912617,30647126.5210123,52650006.6483023,31187958.957325883,61337976,36334397,59662701,35342025
68,19.39080360909307,7.693698663262336,9.36939845431465,9.766920372238005,285616,537643,10.702018364877585,2.824656774452805,-0.005067574482008352,1.0721530291800605,0.11296011712884262,0.0013633143564534198,1.2978100658138993,0.0891967499482881,6384654.593229023,2866756.9114446063,1034804.0484521893,577937.6946382875,3597327.1230569016,2009105.9244201882,2115682.782360267,1181608.084788725,9535141.42404148,4281348.690023355,87033969.61451483,38983804.138252355,88441720.64798585,39614356.67776451,101198936,45328502,97376804,43616513
69,18.53344781923915,18.519844836141537,7.4574556649089025,4.686227552064304,391224,606446,5.527323174705345,2.287390846847992,-0.0032309087749678644,1.4132754144904123,0.48400848412940506,-0.0007512952314837331,1.410041198281943,0.36078677329033637,6143572.513804422,3419258.10009561,1024576.1395027176,684263.8740588212,3267999.338044572,2182535.5883823126,2626193.560773366,1753905.1619875708,9794342.214080505,5451125.363191124,11695230.597233918,6495822.812566724,11489166.666350817,6381369.765065959,17192558,9549175,13292409,7382935
70,16.15796010997357,-0.16006744269738346,5.183694373642908,9.267660446324458,811548,862938,6.46773551863189,1.8556202521972986,-0.00769915903101109,0.6965754486891748,0.32054000788475095,-0.0014592339507260989,0.8337922993004323,0.4057841050371566,2381498.6425907426,1608457.3846959663,723321.8113277921,536709.6323916566,2228730.348536044,1653732.857671049,1261105.837400709,935748.9844745961,4365926.291319244,2948734.1536635514,14588451.319835285,9840046.597554356,14835376.911936061,10006600.214462047,18327114,12361809,17451024,11770879
71,13.106773424630358,8.726980580615294,8.910982788606391,5.189541677563184,757476,499410,14.279544660585985,2.654413337417183,0.0015696625629815358,0.9842423022686762,0.04996714109790784,0.0003599857232374718,0.6733058787739787,0.06165914706453567,3713948.4700935576,2094153.3228424108,654515.4835770687,475437.92463145725,1985327.7176726738,1442135.6155625007,1500148.7116664879,1089703.1590686385,5868612.665337114,3309085.9532795786,92564191.63328964,51902361.5997758,93711259.48307502,52545542.61036464,105160236,58965184,102777099,57628917
72,14.57986929376009,14.81474974969391,3.7082808575896493,4.867335963122514,34759,976267,3.44776050429656,3.36219576225838,-0.00869555081341794,1.182607418542537,0.4383924255552703,0.0026470165005263316,1.3808544032693986,0.29004332246851383,5367705.378195322,2796755.4516550773,854577.2909306205,517262.9769040576,2881633.179405434,1744209.8831125756,2177672.4257474667,1318112.8654113335,8399955.09487341,4376659.773592773,2123393.182734513,1105061.1672924338,2285794.8742893757,1189578.629389947,6073803,3160942,2733153,1422394
73,14.335559038256704,11.392226335472607,3.3232311475285528,1.214300208426428,717726,742421,9.602413808637422,4.915951619010528,-0.0012141165998754283,1.492400796460636,0.24824773520664423,0.0049213010154469045,0.5643031875012028,0.3733031226543522,2109192.5089871,907775.9709277651,878267.0246211394,450905.3354840383,3291204.5026202663,1689715.8025951562,2086807.9589970394,1071374.4413303263,5074267.492605278,2183915.446418422,20126920.635028165,8621385.680330992,18660941.414083764,7993432.080657289,23420073,10032010,23723818,10162120
74,9.775418379692349,16.391215168041022,5.808668132311454,4.52646860018227,891969,773877,11.177841387089437,3.121720178998144,-0.007138630671509015,0.6887767725776428,0.4107698756908399,0.001947358766608222,0.6233431554898279,0.16510841236861962,2937870.3446633094,1548994.3271013089,874727.7900532711,538056.2165438589,2911540.6891109413,1790925.8003579928,1939263.5481636114,1192865.7343135136,5751861.682880192,3032673.355799123,41178943.76825819,21593452.02127205,40359388.42342102,21163692.84344778,47903493,25119677,47002435,24647180
75,12.204943381810672,15.47441318407382,7.777824822610192,5.314981554587547,369121,198339,13.168783113858895,2.4239809671622314,0.0035896707005469482,1.4310318288831478,0.21944845578648198,0.0002388080529255555,0.7210966210275875,0.19144776593048082,5618913.261735193,3414654.306957005,819469.0024902673,564922.2953386434,2593423.322771359,1787843.8987106995,1958640.026902627,1350239.504334535,8397022.291128088,5102931.295857009,63759356.92056862,38711754.00240634,62719535.60612,38080422.24381377,70468441,42785201,66623482,40450719
76,11.649273973098255,0.6803023858674933,6.883069426551773,4.323137257265475,738460,207642,7.547501243552968,1.660030460966655,0.0071203649760470545,1.2769724026577391,0.01482565394305975,-0.0029777339675472287,0.611784061809998,0.2833643209694441,1765050.4701916059,1305538.6966420966,482824.59269050515,400748.3319643504,1357459.5960745672,1126702.4858955191,866474.7987057383,719181.117795824,3114349.8615878494,2303562.6050644997,14518996.219563428,10692059.884779107,14581597.370212143,10738160.540876135,19811124,14589282,18920709,13933563
77,10.733005929622966,13.893912785423465,9.746286780912929,4.23065072175307,527308,40002,9.917997580470628,2.471158275412977,-0.0023959627093980565,1.4565414110854238,0.2393140967405808,-0.0005835233389102192,1.2468082325514227,0.22860269723558668,5292680.27812906,3218518.489213661,701238.850373548,501894.0850261785,2120158.131470222,1517449.9030369169,1666113.116761156,1192478.5939077775,7660032.245263764,4658122.938434763,28009903.93888861,16981572.036628176,29010505.830362555,17588207.215996284,35821957,21717787,31948196,19369241
78,2.339044531415862,1.4147035605440765,6.400489941498857,8.548512717568965,659870,955684,12.815186146825997,2.041208253991922,0.0018295410931217313,1.4802718832229267,0.48818194481618776,-0.0018557888502629257,1.3306246707886313,0.2582937912334472,3786038.5487658004,3110858.5449492075,100451.87348939397,95121.45830425835,264642.7380832675,250599.63843053824,225103.04732385985,213158.0963737704,4111593.469579054,3378355.9024688024,10823027.650849085,8842861.931308433,12826400.94279432,10479700.899945159,18545149,15152155,14923302,12192956
79,12.468639758273866,4.693828267744019,7.271651323456581,5.5076439020918215,671237,220245,4.5677548036312965,3.0263488789749493,-0.009172938151199123,0.8483469929280695,0.4321192515568503,0.0018816711389632304,0.6929440306002972,0.18772735726155904,3134804.38007355,1743173.0912653683,612743.315902413,421133.6606751166,1938831.1300053305,1332543.3832069032,1254087.1295558068,861924.2184593633,5001634.82553177,2781262.9380076895,5761293.354981693,3197355.169595295,6015948.087205369,3338681.3570273635,10578576,5870811,8769859,4867024
80,10.06858458543441,19.042618429706728,0.10121465261136126,0.9183356243105127,688480,422912,10.562697044490243,4.196574403367093,0.006019198906788677,0.7708836771775851,0.003714817541365693,0.0029527858444957063,1.1294798645130983,0.4123349743850793,519532.08163352497,229213.3825470495,1184902.0066271657,544679.5474280402,4782841.54408153,2198591.9114660313,2524774.7762722555,1160596.551281235,4229208.864532946,1865892.9902645862,33220841.08118519,14599628.318012685,30584526.04580288,13441041.768331112,35158968,15451381,38237376,16804254
81,16.44668555114976,17.37696643900076,4.042672114373024,3.3594374602512755,174354,980769,8.237500427355338,3.095602498058092,0.008173095015214347,1.4092661650641332,0.20752614511414677,0.003540582154417959,1.405870443447546,0.05289077876965306,4548796.923846888,2425174.8993033604,997864.8269617729,596873.2035006357,3366701.823506318,2013793.9010697582,2510940.375053255,1501919.8842996578,8057602.125861917,4295881.91149407,18914283.430092562,10047475.745302401,18694771.767797578,9930868.731831785,23581036,12526506,21401076,11368487
82,10.82798286807886,1.7541807090195782,1.0992023228581445,7.713057305823456,152742,236583,12.891908958048326,2.0704015631764827,0.0023718071636442926,0.6031685011920117,0.4968235603277208,-0.0021319585568747557,0.558508870829376,0.23693902730201127,1262987.4963297197,988873.1613502062,465489.7620263742,374808.8090118351,1333964.5658647667,1074098.1026505032,877028.6862961096,706176.8146067931,2605505.9446522035,2040016.1584278634,16644070.643718902,13015524.380987521,16834786.801381618,13164662.825124327,22213674,17370907,21819161,17062402
83,7.482866078917722,5.774549623384106,4.104061756187274,2.75121491196209,101535,700002,7.23463056156588,4.480183394839599,-0.006511775794013592,1.3259461385066067,0.40840398956185003,0.004524483161818748,0.7135262580964922,0.3950419325755236,2096194.3019486319,1264057.5230793343,379259.43880537566,273756.6727108532,1154180.0391579666,833109.0934069292,903267.5029771671,651995.6549051485,3378721.2437311746,2037453.3040930938,6252518.655494387,3763385.296381431,6176450.887228708,3717600.175793579,10743908,6466748,9422634,5671475
84,5.943690706193349,11.904975080628255,6.293790510863598,3.514747245446536,189828,555513,6.151594545034311,2.882548261257445,0.007879436564190831,1.3870867171270551,0.2043517189826056,0.0025836630457728004,0.9894674438673515,0.12470021376574783,2078264.3712205403,1340751.358612514,566726.3477989248,418861.7429334808,1694217.8998951514,1252179.407601792,1222375.1913750758,903445.2080207005,3867365.910394541,2494955.0068877954,7035432.008755091,4528915.576098515,6749249.225633515,4344691.258035654,11462647,7378845,10511874,6766804
85,5.236946158461404,1.1771445543909478,5.068068632557021,8.670870226143238,970141,414490,11.434844831077061,2.6875229449060845,-0.0010399614846212987,0.880716941226712,0.055573577928646915,-0.0027107682709360467,1.1393044578641396,0.016512498918462612,3779800.259166815,2873837.7344555003,217798.91874986226,189219.51447776833,599238.4118716863,520606.81477033807,423284.85509229347,367741.74649756815,4420884.03300897,3361263.1574647143,9820895.441215489,7466809.70342072,10862144.94939514,8258469.891424474,16425999,12488658,13027638,9904890
86,9.168676642406838,16.85452404075201,7.963149151726162,3.131600498576024,829917,475825,7.783618857845975,3.1580296682381936,-0.005463124668385812,0.9965854274728412,0.015178902796810789,0.0020735359516607585,0.9758985103788154,0.303409888431846,3367793.779489214,1812845.3067388737,925702.6246212709,534986.2137366009,3211905.559937621,1856238.8705482786,2005746.811736475,1159170.1956815422,6299243.2158469595,3390811.387978402,15327162.286077697,8230021.817492551,14690446.911273826,7888133.258582421,20305251,10903039,19223660,10322272
87,20.641967335953158,18.735992009499792,4.739129375707812,7.166027654492768,67372,188014,11.877079433969694,2.544851759261335,-0.006640925531766728,0.6152965532514838,0.0792363572377504,0.0008891251075712281,1.4762696437199718,0.0024862629829508825,7129173.7534754705,3726145.4779787865,1169406.576474304,694527.5125235041,3933460.687492888,2336139.3050567103,2899250.5351381055,1721906.9080514552,11197830.86508788,5852676.38073454,86265564.56419392,44976593.158372365,84260538.98945718,43931225.63539093,97659093,50916878,93293973,48641020
88,5.033625082480933,3.721084792089715,9.573288607685871,2.977994477098858,507900,619090,5.496722259165154,3.854904774288803,-0.007348685459483915,0.8532378354211944,0.3850235967858,0.0036568628727481753,0.7788856423320596,0.27858939273074795,3324248.1061993293,1912401.9309696322,236424.0950692738,195829.72977399427,666675.5685064251,552206.391608621,557429.0199462883,461717.63631908654,4118101.2212148914,2369096.5522979316,5608080.245361435,3220213.838489989,6038653.915079129,3467453.3980275276,11270227,6471473,8376230,4809712
89,17.182174051102738,9.190740184449758,2.182179200273021,4.044785836198875,138519,258943,5.512237001931486,3.0515880816966323,-0.003951267722423412,0.9419647047256994,0.47045800468548554,0.00057062988328752,0.5176247934242736,0.10987147259309003,1545497.3834762292,862013.0743793692,918988.7991025781,545809.8595388429,3093414.5886792555,1837254.3645703022,1990403.4786390574,1182149.1667390233,4454889.661217865,2484749.0354527296,8390084.978760587,4680452.230283964,7740450.1260446785,4318050.073099433,11072342,6176763,11701270,6527614
90,6.091679101791287,4.816987039336923,1.771591784692549,0.06038696577407528,764698,851624,4.909280259979032,1.8290901711535135,-0.0024461635018970486,1.3310551242079876,0.024064058291485068,-0.001767601338563411,1.4336855716615053,0.25481063214299093,258376.5037881107,224442.14367166127,276768.1263450874,247503.10724166982,743718.2536632026,665078.6747910442,663754.713841326,593570.3518012761,1198899.3439745242,1041439.6621329798,2184589.779190944,1892565.760105233,2039067.032882216,1766495.6989872246,6922654,5997271,7131227,6177964
91,18.571851138039328,11.751931943628229,3.6725757685051867,1.1574410768802816,991612,726080,13.638225578684704,3.790417818668601,0.001053635204159931,0.7595938804550182,0.09794725046147228,0.0028033555299416283,0.9124818818589472,0.3378615895397712,2193629.7948566796,963290.7777437019,1127170.2873755065,551209.3266121796,4320822.245762831,2112970.4598968206,2514074.1633904395,1229433.6908775016,5834874.245622626,2562273.982274088,85560719.11315882,37391715.051035404,81910465.93012646,35796482.70260731,91180370,39847613,92180393,40284642
92,2.3782903700860714,5.892440204849919,1.5136543414300887,2.8194609347732236,349563,368890,12.423400858267652,2.7840297594598384,0.007766110463305763,1.0979443283712222,0.27669778354794367,-0.00012353798694269853,1.345585136544971,0.31287604663441004,648602.685920776,510792.00668043544,253658.50369513602,220784.79259382116,696869.1024614676,606556.0507954211,530706.4568842435,461927.80176695576,1432967.6465001556,1128500.4449601674,9611083.039073939,7558279.9506087275,9509534.531552603,7478420.891510773,14653179,11523449,14447787,11361926
93,3.2546029653768773,12.210869767998062,2.8191110273460076,0.5934286038257862,41492,758040,5.418726786921746,2.6789948037814426,-0.0061623690992514465,0.9348090699611072,0.42998251932713666,-0.0035850696027516686,0.7058982815029415,0.03632147382585949,519916.1216575714,370356.0214660923,569470.3322032525,404305.54587904,1737712.1603317359,1233719.517653137,1118889.7437621458,794375.5856077761,2208276.1976229697,1573039.097619225,4510403.037618063,3212684.2419277616,4221112.133876346,3006627.1955767837,8363225,5956985,9011551,6418776
94,18.910808459636367,7.417182564450126,6.532292080366398,5.062845879787891,271996,921059,10.48427151036404,1.9648625335543235,0.0007037926106207501,0.5613128261119879,0.30659980511725143,-0.0016721096485385473,0.8698703307169913,0.14015477141750965,2605160.233061913,1591785.7129689339,917106.3629628816,623586.1841313705,2856195.9208322135,1942069.5214121337,1888585.7830891404,1284143.311443777,5410852.379113935,3306098.950364577,60675615.56648234,36942430.95526122,59648190.069470726,36316881.54582114,67704902,41222221,67038831,40816683
95,9.389955275161254,14.775900151432328,8.377754412388171,0.7773556228309298,433852,268598,6.208364011279643,2.1088135818601916,-0.00037476556098287386,0.6265132021312743,0.37787695237416846,-0.0013737682823936745,1.2106402678066874,0.3161384561139381,2090663.0303630624,1446697.9730882917,713477.6547861499,527043.4009946596,2107453.17810623,1556768.1524083987,1614496.0504658641,1192622.4789548835,4418636.7356150765,3057610.297015533,8897168.510218462,6132311.577413242,8457262.95359982,5829109.729013646,12964810,8935905,12268123,8455718
96,17.02683834256508,15.17076491278362,8.876048659866525,5.716573115195227,902957,56321,11.12938883964767,2.46826627839285,-0.0006283462993128038,0.5181781832969125,0.039502801480280854,0.0001860354206417716,0.641249162254961,0.49208737811563874,6477215.366754659,3457841.7901089033,935683.2076140157,614174.3438286979,3024462.8350552903,1985231.1787138905,2313410.871853986,1518502.8358585397,9726309.446222661,5192360.815930485,71233272.20040607,37865286.83523083,71576062.09795287,38047502.777218044,82485042,43846361,78096606,41513611
97,9.012518291392277,12.077475423518536,0.8574378048097931,6.335590621951729,554196,675993,11.66480531033205,-0.04956162977766132,-0.008077375064409158,1.4756611974629115,0.05018924345706437,-0.0045041800020076215,0.5014138544428162,0.46733268348396295,775329.8666471834,782414.705624188,513152.5498944584,522644.8271756339,1301544.29816181,1325620.2174462916,1223666.9844275748,1246302.3319833756,2512149.4009692166,2535105.0160663254,34731645.92375931,35050193.01853069,34043954.31335879,34356194.12960175,40959202,41334866,40972264,41348048
98,3.1609429288006288,7.312666411542138,3.5643704762080315,8.289547390714764,640344,38566,5.960227381872385,4.323098856969687,-0.009985922057175965,1.3000723322039807,0.28459437358117184,0.004441024319295723,1.493820025934218,0.28723396999684797,3115551.231032719,1605460.9191897626,347822.848511174,255749.00870517988,1056018.2493764916,776474.6381919786,728864.0181694713,535922.9588441718,4192238.0977133643,2160283.664340924,7019036.237107999,3616734.6438342948,7148004.785786066,3683188.926475409,12333339,6355062,9925983,5114612
99,4.146479601501849,13.596710179863441,3.010747722838615,2.099950135225703,328299,582909,10.644959155507316,1.6942915670189462,0.009910949940088764,1.0507519728848638,0.31014862347944605,-0.003601877683144305,1.268413619416211,0.1961024878514537,758868.4951483222,582711.1651808613,594984.4269985617,481330.65393152257,1679430.100568364,1358625.7923029764,1192093.097558106,964379.7789623233,2545946.01970499,1954951.5905781647,19924744.578938164,15292261.03676391,19271980.27376556,14791263.791322019,25169772,19317824,25495349,19567705
100,2.154080494045772,5.395948212808019,1.9341742650206137,3.472237817393113,945924,400853,-2.4228954921154733,1.8310046411455172,-0.005281857053619026,1.3575784706327334,0.15447245452173403,-0.0012926273940185055,1.164195206703933,0.3854929801704262,729911.8119272067,623259.4245265694,225197.28676614162,206676.9936043409,601340.2549743815,551885.8500299611,470219.0385146078,431548.0821784681,1425328.137207956,1217063.7329627872,-1205344.0019494845,-1025291.6587280986,-1186552.3498673362,-1009307.0733297514,3508740,2984610,3154971,2683686
EC_0_0,0.16666666666666666,0.16666666666666666,0.0,0.0,0,0,4.284075779316332,-0.839841120261553,0.01,0.5,0.5,-0.005,0.5,0.5,0.0,0.0,3746.3580704328156,3750.0,9581.353320616015,9590.667596853353,9602.665006133393,9612.0,13349.023076566209,13362.0,39630.847199883196,39686.593315941514,39473.55368615978,39529.07854773855,5720806,5728853,5726641,5734696
EC_0_5,0.16666666666666666,0.16666666666666666,5.0,5.0,0,0,16.12115334093851,-0.3801592340641702,0.01,0.5,0.5,-0.005,0.5,0.5,2156331.0031295666,2197087.143942549,3746.3580704328156,3750.0,9581.353320616015,9590.667596853353,9602.665006133393,9612.0,2169680.026206133,2210688.4727474265,5695859.783080125,5809058.717566941,6622487.5514722895,6754102.191408786,12318967,12563793,10168471,10370559
EC_0_10,0.16666666666666666,0.16666666666666666,10.0,10.0,0,0,17.143894553768526,-0.44605834231630226,0.01,0.5,0.5,-0.005,0.5,0.5,4224688.544396766,4422058.732371617,3746.3580704328156,3750.0,9581.353320616015,9590.667596853353,9602.665006133393,9612.0,4238037.567473332,4436031.398863837,18930005.75806177,19810240.04629895,22746879.38539832,23804596.083497897,28459814,29783179,24240961,25368151
EC_0_15,0.16666666666666666,0.16666666666666666,15.0,15.0,0,0,17.25282743878789,-0.4504834491535492,0.01,0.5,0.5,-0.005,0.5,0.5,6185754.375730658,6615187.299280276,3746.3580704328156,3750.0,9581.353320616015,9590.667596853353,9602.665006133393,9612.0,6199103.398807224,6629463.050069923,49991364.51365789,53534588.56738524,57967536.77981936,62076085.779266395,63696341,68210929,57516422,61592997
EC_5_0,5.166666666666667,5.166666666666667,0.0,0.0,0,0,16.12115334093851,-0.3801592340641702,0.01,0.5,0.5,-0.005,0.5,0.5,0.0,0.0,226106.10238522527,230379.6634174195,572102.4845718072,582915.6154811273,579555.1616338093,590509.1532715296,805661.2640190346,820888.8166889491,6286067.705663971,6410996.3720098175,6134083.5562789,6255991.705192,11186494,11408813,11532490,11761686
EC_5_5,5.166666666666667,5.166666666666667,5.0,5.0,0,0,17.143894553768526,-0.44605834231630226,0.01,0.5,0.5,-0.005,0.5,0.5,2068357.5412672013,2164987.650783925,226106.10238522527,230379.6634174195,572102.4845718072,582915.6154811273,579555.1616338093,590509.1532715296,2874018.805286236,3008288.0243970603,20690188.77692809,21652270.554626234,21287106.096361443,22276944.183197744,27327341,28598046,25604979,26795596
EC_5_10,5.166666666666667,5.166666666666667,10.0,10.0,0,0,17.25282743878789,-0.4504834491535492,0.01,0.5,0.5,-0.005,0.5,0.5,4029423.3726010905,4309157.573801224,226106.10238522527,230379.6634174195,572102.4845718072,582915.6154811273,579555.1616338093,590509.1532715296,4835084.636620125,5170750.168258433,52879908.05774436,56627862.60973307,55570944.60458003,59509631.00625855,62563868,66998190,58880441,63053693
EC_5_15,5.166666666666667,5.166666666666667,15.0,15.0,0,0,16.93392950586152,-0.44412228295267475,0.01,0.5,0.5,-0.005,0.5,0.5,5882922.082420558,6431579.868636987,226106.10238522527,230379.6634174195,572102.4845718072,582915.6154811273,579555.1616338093,590509.1532715296,6688583.346439593,7312379.3580759885,118486118.46096604,129613889.39930728,124642211.5549986,136348139.6202278,132510714,144955622,126973788,138898689
EC_10_0,10.166666666666666,10.166666666666666,0.0,0.0,0,0,17.143894553768526,-0.44605834231630226,0.01,0.5,0.5,-0.005,0.5,0.5,0.0,0.0,443896.13233838894,464634.1967330144,1111674.0170762944,1163609.5165601822,1137794.5664097588,1190950.3730660628,1581690.6987481476,1655584.5697990772,21344956.8918577,22337485.00713078,20733119.33427442,21697197.357989196,26229530,27449188,26897308,28148017
EC_10_5,10.166666666666666,10.166666666666666,5.0,5.0,0,0,17.25282743878789,-0.4504834491535492,0.01,0.5,0.5,-0.005,0.5,0.5,1961065.8313338887,2097208.6818368235,443896.13233838894,464634.1967330144,1111674.0170762944,1163609.5165601822,1137794.5664097588,1190950.3730660628,3542756.5300820363,3788704.914341624,54603731.86418949,58473865.39718431,54108813.057302505,57943868.36752298,61466057,65822569,60172769,64437617
EC_10_10,10.166666666666666,10.166666666666666,10.0,10.0,0,0,16.93392950586152,-0.44412228295267475,0.01,0.5,0.5,-0.005,0.5,0.5,3814564.541153358,4170321.511449276,443896.13233838894,464634.1967330144,1111674.0170762944,1163609.5165601822,1137794.5664097588,1190950.3730660628,5396255.239901505,5899525.113665493,121192469.84502068,132574411.13404603,122345439.3963915,133835663.2524651,131412903,143754709,128266116,140312388
EC_10_15,10.166666666666666,10.166666666666666,15.0,15.0,0,0,17.97083715787704,-0.43860240020161534,0.01,0.5,0.5,-0.005,0.5,0.5,5615035.373883116,6266945.8774635345,443896.13233838894,464634.1967330144,1111674.0170762944,1163609.5165601822,1137794.5664097588,1190950.3730660628,7196726.072631264,8032272.2456725305,345957609.2066806,386426094.8018352,351313559.0448728,392408558.33161026,362675712,405099802,357728454,399573838
EC_15_0,15.166666666666666,15.166666666666666,0.0,0.0,0,0,17.25282743878789,-0.4504834491535492,0.01,0.5,0.5,-0.005,0.5,0.5,0.0,0.0,655976.4999917567,701516.2820556109,1623256.4078590476,1735947.5531189535,1681398.9647788713,1798126.534164942,2337375.464770628,2499642.816220553,55016387.981764615,58915769.22775816,53749569.67140849,57559162.98797415,60410870,64692594,61378150,65728432
EC_15_5,15.166666666666666,15.166666666666666,5.0,5.0,0,0,16.93392950586152,-0.44412228295267475,0.01,0.5,0.5,-0.005,0.5,0.5,1853498.7098194687,2026361.1894914985,655976.4999917567,701516.2820556109,1623256.4078590476,1735947.5531189535,1681398.9647788713,1798126.534164942,4190874.174590097,4581726.835007474,122521549.68827744,134028313.16108797,121183961.56660832,132565103.79010193,130357716,142600423,129471497,141630974
EC_15_10,15.166666666666666,15.166666666666666,10.0,10.0,0,0,17.97083715787704,-0.43860240020161534,0.01,0.5,0.5,-0.005,0.5,0.5,3653969.54254922,4078198.5929360283,655976.4999917567,701516.2820556109,1623256.4078590476,1735947.5531189535,1681398.9647788713,1798126.534164942,5991345.007319848,6686945.387508514,348516301.87462056,389284091.24173844,349075682.0200829,389908905.0321227,361620525,403921185,358933836,400920219
EC_15_15,15.166666666666666,15.166666666666666,15.0,15.0,0,0,17.841698317859155,-0.5157333136869946,0.01,0.5,0.5,-0.005,0.5,0.5,5346236.1461424995,6243483.035922472,655976.4999917567,701516.2820556109,1623256.4078590476,1735947.5531189535,1681398.9647788713,1798126.534164942,7683611.610913128,8973135.012370698,784753376.4915063,917223911.2615522,788194791.5961151,921246255.4999882,803424601,939046937,799045645,933928790
EC_85_1,16.06771528505034,14.778161084758764,1.0,1.0,0,0,11.390979368355492,2.912836045945344,0.005,1.2,0.15,0.002,1.1,0.15,551981.285505606,339061.56662588514,906400.4545270432,576424.1433389629,3007055.8921862007,1912333.1282200895,2262450.0544263935,1438802.0526207867,3720831.7944590426,2285568.533768476,26957469.403812025,16506602.796563214,25125775.800546117,15385019.82075761,30724435,18813192,32273109,19761476
RUN_ONE_PRESENT,10.0,10.0,5.0,5.0,0,0,10.83558290493134,2.618821349431699,0.0,1.0,0.15,0.0,1.0,0.15,4173800.7649687575,2833466.7908802517,510084.54044902755,393484.49382378097,1499872.324829674,1157017.034894587,1307448.6940789483,1008579.4545691161,5991333.999496734,4067334.9967084085,17828012.546687055,12097554.814092647,17449339.819357798,11840598.854281023,23865134,16194164,20681121,14033589
