date,apy_roi,apy_cpi,cpi_one_dollar,roi_one_dollar,num_il_2,num_il_1_2,num_il_1_1,num_al_1_2,num_al_2,num_al_1_1,num_il,num_al,num_non_taylor_2,num_non_taylor_1_2,num_non_taylor_1_1,num_non_taylor,earn_norm_lc,earn_norm_cc,mo_earn_lc_norm,cum_mo_earn_lc_norm,mo_earn_cc_norm,cum_mo_earn_cc_norm,mo_earn_inv_lc_norm,cum_mo_earn_inv_lc_norm,mo_earn_inv_cc_norm,cum_mo_earn_inv_cc_norm,mo_earn_ss_man_norm,cum_mo_earn_ss_man_norm,mo_earn_ss_woman_norm,cum_mo_earn_ss_woman_norm,mo_earn_ss_norm,cum_mo_earn_ss_norm,mo_earn_pen_man_norm,cum_mo_earn_pen_man_norm,mo_earn_pen_woman_norm,cum_mo_earn_pen_woman_norm,mo_earn_pen_norm,cum_mo_earn_pen_norm,exp_norm_total_lc,exp_norm_total_cc,added_lc_worth_norm,mo_exp_lc_norm,cum_mo_exp_lc_norm,mo_exp_cc_norm,cum_mo_exp_cc_norm,mo_exp_al_cc_norm,cum_mo_exp_al_cc_norm,mo_exp_al_lc_norm,cum_mo_exp_al_lc_norm,mo_exp_non_taylor_norm,cum_mo_exp_non_taylor_norm,mo_exp_total_lc_norm,cum_mo_exp_total_lc_norm,mo_exp_total_cc_norm,cum_mo_exp_total_cc_norm,worth_norm_cc,worth_norm_lc
2026-07-31,4.00000000000007,2.0000000000000684,1.0016515813019202,1.003273739782199,2.0,0.0,0.0,0.0,0.0,0.0,2.0,0.0,2.0,0.0,0.0,2.0,20590.5536544413,20590.5536544413,33947.58789136383,33947.58789136383,33947.58789136383,33947.58789136383,10202.747758329882,10202.747758329882,10202.747758329882,10202.747758329882,3445.0,3445.0,2667.0,2667.0,6112.0,6112.0,5695.593264660743,5695.593264660743,1549.4409722617834,1549.4409722617834,7245.034236922527,7245.034236922527,919212.0,494365.09160889767,-112799.3948232187,9600.0,9600.0,3753.091608897652,3753.091608897652,0.0,0.0,0.0,0.0,9612.0,9612.0,917728.027729127,917728.027729127,493571.9908730199,493571.9908730199,7651833.773931309,7539034.37910809
2026-08-31,4.00000000000007,2.0000000000000684,1.0033058903246372,1.0065581969365593,2.0,0.0,0.0,0.0,0.0,0.0,2.0,0.0,2.0,0.0,0.0,2.0,38181.05355576255,39567.340481911895,30969.53900575044,64917.12689711427,32355.82593189978,66303.4138232636,8733.025295496589,18935.773053826473,9419.939113626075,19622.686871955957,3445.0,6890.0,2667.0,5334.0,6112.0,12224.0,5686.202039693047,11381.79530435379,1546.8861639971267,3096.3271362589103,7233.088203690173,14478.1224406127,938392.3221385911,507711.2402362326,-112799.3948232187,9600.0,19200.0,3756.1857666074584,7509.27737550511,0.0,0.0,0.0,0.0,9612.0,19224.0,19212.00000000006,936940.0277291271,13368.185766607467,506940.1766396274,7651833.773931309,7539034.37910809
2026-09-30,4.00000000000007,2.0000000000000684,1.0049629315732038,1.009853406548969,2.0,0.0,0.0,0.0,0.0,0.0,2.0,0.0,2.0,0.0,0.0,2.0,55718.10357207286,58505.20542619836,30933.167022692054,95850.29391980632,32336.267741065854,98639.68156432945,8720.912324872366,27656.68537869884,9416.157481916096,29038.844353872053,3445.0,10335.0,2667.0,8001.0,6112.0,18336.0,5676.826299522506,17058.621603876294,1544.3355682487168,4640.6627045076275,7221.161867771223,21699.284308383925,957541.018648071,521038.4796672064,-112799.3948232187,9600.0,28800.0,3759.282475230733,11268.559850735843,0.0,0.0,0.0,0.0,9612.0,28836.0,19211.999999999964,956152.0277291271,13371.282475230757,520311.4591148581,7651833.773931309,7539034.37910809
2026-10-31,4.00000000000007,2.0000000000000684,1.006622709560113,1.0131594038201774,2.0,0.0,0.0,0.0,0.0,0.0,2.0,0.0,2.0,0.0,0.0,2.0,73201.94130489923,77404.32428955498,30896.964174721288,126747.25809452761,32316.840840660014,130956.52240498946,8708.873417690393,36365.55879638923,9412.431161383527,38451.27551525558,3445.0,13780.0,2667.0,10668.0,6112.0,24448.0,5667.46601861689,22726.087622493185,1541.7891780707123,6182.45188257834,7209.255196687603,28908.539505071527,976658.1416746137,534346.8436334169,-112799.3948232187,9600.000000000004,38400.0,3762.3817368705227,15030.941587606365,0.0,0.0,0.0,0.0,9611.999999999998,38448.0,19211.99999999995,975364.0277291271,13374.381736870473,533685.8408517286,7651833.773931309,7539034.37910809
2026-11-30,4.00000000000007,2.0000000000000684,1.0082852288053108,1.0164762240661724,0.0,1.0,0.0,1.0,0.0,0.0,1.0,1.0,0.0,1.0,0.0,0.0,90632.80389432967,96264.87256875164,30860.930359745842,157608.18845427345,32297.545182646296,163254.06758763577,8696.908539429844,45062.46733581908,9408.760144292817,47860.03565954839,3445.0,17225.0,2667.0,13335.0,6112.0,30560.0,5658.121171486065,28384.20879397925,1539.2469865287244,7721.698869107064,7197.3681580147895,36105.90766308631,991663.446586836,550909.7220439452,-112799.3948232187,4799.999999999997,43200.0,1882.7417768158034,16913.68336442217,9276.098007813238,9276.098007813238,4839.7033084242985,4839.7033084242985,5492.000000000002,43940.0,15131.70330842433,990495.7310375514,16650.83978462904,550336.6806363576,7651833.773931309,7539034.37910809
2026-12-31,4.00000000000007,2.0000000000000684,1.009950493836208,1.0198039027185573,0.0,1.0,0.0,1.0,0.0,0.0,1.0,1.0,0.0,1.0,0.0,0.0,108024.26382461238,115076.32700872325,30838.40128056518,188446.58973483864,32267.682272187958,195521.74985982373,8691.62563004224,53754.09296586132,9399.843275766272,57259.878935314664,3445.0,20670.0,2667.0,16002.0,6112.0,36672.0,5648.791732681925,34033.00052666118,1536.708986699798,9258.407855806861,7185.500719381724,43291.408382468035,1006651.9898647286,567462.137774733,-112799.3948232187,4799.999999999996,48000.0,1884.293963810253,18797.977328232424,9291.392976952677,18567.490984765915,4847.683292323135,9687.386600747433,5491.999999999999,49432.0,15139.683292323189,1005635.4143298746,16667.686940762997,567004.3675771207,7651833.773931309,7539034.37910809
2027-01-31,4.00000000000007,2.0000000000000684,1.011618509187693,1.0231424753249287,0.0,1.0,0.0,1.0,0.0,0.0,1.0,1.0,0.0,1.0,0.0,0.0,125376.48725742835,133838.85286202814,30815.992961394673,219262.5826962333,32237.923233236586,227759.67309306032,8686.392862064513,62440.48582792583,9390.968180290947,66650.8471156056,3445.0,24115.0,2667.0,18669.0,6112.0,42784.0,5639.4776767983285,39672.478203459505,1534.1751716723938,10792.583027479255,7173.652848470722,50465.06123093876,1021623.8123037085,584004.1345761557,-112799.3948232187,4799.999999999996,52800.0,1885.8474304727367,20683.82475870516,9306.71316532555,27874.204150091464,4855.676434082895,14543.063034830328,5491.999999999999,54924.0,15147.676434082909,1020783.0907639575,16684.560595798204,583688.9281729189,7651833.773931309,7539034.37910809
2027-02-28,4.00000000000007,2.0000000000000684,1.0132892794021437,1.0264919775492574,0.0,1.0,0.0,1.0,0.0,0.0,1.0,1.0,0.0,1.0,0.0,0.0,142689.6400482731,152552.61506078203,30793.70533776158,250056.28803399488,32208.267985563158,259967.94107862347,8681.210219537232,71121.69604746306,9382.13483410007,76032.98194970567,3445.0,27560.0,2667.0,21336.0,6112.0,48896.0,5630.178978471023,45302.657181930525,1531.6455345463676,12324.228562025623,7161.82451301739,57626.88574395615,1036578.9546536225,600535.7561690883,-112799.3948232187,4800.000000000002,57600.0,1887.402177858247,22571.226936563406,9322.058614514783,37196.26276460625,4863.682755399016,19406.745790229343,5492.000000000003,60416.0,15155.682755399006,1035938.7735193565,16701.46079237313,600390.388965292,7651833.773931309,7539034.37910809
2027-03-31,4.00000000000007,2.0000000000000684,1.0149628090294405,1.0298524451722684,0.0,1.0,0.0,1.0,0.0,0.0,1.0,1.0,0.0,1.0,0.0,0.0,159963.88774723164,171217.77821741364,30771.538345516263,280827.82637951116,32178.71644921919,292146.6575278427,8676.077686634693,79797.77373409775,9373.343213539516,85406.32516324519,3445.0,31005.0,2667.0,24003.0,6112.0,55008.0,5620.895612377574,50923.552794308096,1529.1200684329528,13853.348630458575,7150.015680810528,64776.90142476668,1051517.4576188577,617057.0462450243,-112799.3948232187,4800.000000000001,62400.0,1888.9582070226513,24460.185143586055,9337.429366171888,46533.69213077813,4871.7022780027255,24278.448068232068,5491.999999999998,65908.0,15163.702278002726,1051102.4757973591,16718.387573194468,617108.7765384865,7651833.773931309,7539034.37910809
2027-04-30,4.00000000000007,2.0000000000000684,1.0166391026269779,1.0332239140918236,0.0,1.0,0.0,1.0,0.0,0.0,1.0,1.0,0.0,1.0,0.0,0.0,177199.39559975165,189834.50662541922,30749.49192083199,311577.3183003431,32149.26854453668,324295.92607237934,8670.995247664894,88468.76898176264,9364.593295067825,94770.91845831301,3445.0,34450.0,2667.0,26670.0,6112.0,61120.0,5611.627553237307,56535.18034754541,1526.5987664547417,15379.947396913316,7138.226319692049,71915.12774445873,1066439.3618584524,633568.0484661923,-112799.3948232187,4799.999999999998,67200.0,1890.515519022685,26350.70066260874,9352.825462017041,55886.51759279517,4879.735023661064,29158.18309189313,5492.000000000003,71400.0,15171.735023660915,1066274.21082102,16735.34098103969,633844.1175195262,7651833.773931309,7539034.37910809
2027-05-31,4.00000000000007,2.0000000000000684,1.0183181647596775,1.0366064203233052,0.0,1.0,0.0,1.0,0.0,0.0,1.0,1.0,0.0,1.0,0.0,0.0,194396.32854741561,208402.9642601156,30727.566000204733,342304.8843005478,32119.924192127695,356415.85026450705,8665.962887069456,97134.7318688321,9355.885055256058,104126.80351356907,3445.0,37895.0,2667.0,29337.0,6112.0,67232.0,5602.374775811229,62137.55512335664,1524.0816217456663,16904.02901865898,7126.456397556894,79041.58414201562,1081344.7079862077,650068.8064656751,-112799.3948232187,4800.0000000000055,72000.0,1892.0741149159521,28242.77477752469,9368.246943839207,65254.76453663438,4887.781014176974,34045.9641060701,5491.999999999994,76892.0,15179.781014177168,1081453.9918351972,16752.321058755126,650596.4385782813,7651833.773931309,7539034.37910809
2027-06-30,4.00000000000007,2.0000000000000684,1.0200000000000002,1.0400000000000005,0.0,1.0,0.0,1.0,0.0,0.0,1.0,1.0,0.0,1.0,0.0,0.0,211554.85122871143,226923.3147793918,30705.760520453056,373010.64482100087,32090.68331288442,388506.53357739147,8660.98058942362,105795.71245825572,9347.218470787784,113474.02198435686,3445.0,41340.0,2667.0,32004.0,6112.0,73344.0,5593.13725490196,67730.6923782586,1521.56862745098,18425.59764610996,7114.70588235294,86156.29002436856,1096233.5365707956,666559.3638475272,-112799.3948232187,4799.999999999999,76800.0,1893.6339957609396,30136.408773285628,9383.693853496257,74638.45839013063,4895.840271389355,38941.804377459455,5491.999999999995,82384.0,15187.840271389163,1096641.8321065863,16769.327849257214,667365.7664275386,7651833.773931309,7539034.37910809
2027-07-31,4.00000000000007,2.0000000000000684,1.0216846129279589,1.0434046893734874,0.0,0.0,0.0,0.0,2.0,0.0,0.0,2.0,0.0,0.0,0.0,0.0,228675.12797980162,245395.7215244593,30684.075418717883,403694.72023971874,32061.545827978647,420568.0794053701,8656.048339436127,114451.76079769184,9338.593518459009,122812.61550281587,3445.0,44785.0,2667.0,34671.0,6112.0,79456.0,5583.914965353669,73314.60734361227,1519.0597767272382,19944.657422837197,7102.974742080907,93259.26476644946,1105717.800953046,680045.6575896592,-112799.3948232187,0.0,76800.0,0.0,30136.408773285628,13792.254798299322,88430.71318842996,9807.825634346185,48749.63001180564,0.0,82384.0,9807.825634346342,1106449.6577409327,13792.254798299437,681158.021225838,7651833.773931309,7539034.37910809
2027-08-31,4.00000000000007,2.0000000000000684,1.0233720081311304,1.0468205248140223,0.0,0.0,0.0,0.0,2.0,0.0,0.0,2.0,0.0,0.0,0.0,0.0,245774.93294612205,263830.13328449585,30680.120743292922,434374.84098301164,32042.2974227566,452610.3768281267,8659.892041699477,123111.65283939132,9334.859082221432,132147.4745850373,3445.0,48230.0,2667.0,37338.0,6112.0,85568.0,5574.707882052004,78889.31522566426,1516.5550627422804,21461.21248557948,7091.262944794284,100350.52771124375,1115202.5988418804,693532.4558181504,-112799.3948232187,0.0,76800.0,0.0,30136.408773285628,13814.99626904764,102245.7094574776,9823.997346878321,58573.62735868396,0.0,82384.0,9823.997346878201,1116273.655087811,13814.99626904757,694973.0174948856,7651833.773931309,7539034.37910809
2027-09-30,4.00000000000007,2.0000000000000684,1.0250621902046684,1.0502475428109284,0.0,0.0,0.0,0.0,2.0,0.0,0.0,2.0,0.0,0.0,0.0,0.0,262854.3453609976,282226.6619310708,30676.23085721673,465051.0718402284,32023.117551857493,484633.4943799842,8663.758278722898,131775.41111811422,9331.149036402025,141478.62362143933,3445.0,51675.0,2667.0,40005.0,6112.0,91680.0,5565.515979924023,84454.83120558829,1514.0544786752118,22975.26696425469,7079.570458599234,107430.09816984298,1124687.956022482,707019.7951986323,-112799.3948232187,0.0,76800.0,0.0,30136.408773285628,13837.775237253732,116083.48469473133,9840.195724269326,68413.82308295328,0.0,82384.0,9840.195724269397,1126113.8508120803,13837.775237253776,708810.7927321394,7651833.773931309,7539034.37910809
2027-10-31,4.00000000000007,2.0000000000000684,1.0267551637513157,1.053685779972985,0.0,0.0,0.0,0.0,2.0,0.0,0.0,2.0,0.0,0.0,0.0,0.0,279913.44434493413,300585.4191275392,30672.40574647345,495723.47758670186,32004.006159685945,516637.5005396702,8667.647059338995,140443.0581774532,9327.463369230458,150806.08699066978,3445.0,55120.0,2667.0,42672.0,6112.0,97792.0,5556.339233938125,90011.17043952641,1511.558017716384,24486.824981971073,7067.897251654509,114497.99542149749,1134173.8982814825,720507.7123981077,-112799.3948232187,0.0,76800.0,0.0,30136.408773285628,13860.591764745564,129944.0764594769,9856.420810485746,78270.24389343904,0.0,82384.0,9856.42081048576,1135970.271622566,13860.591764745606,722671.384496885,7651833.773931309,7539034.37910809
2027-11-30,4.00000000000007,2.0000000000000684,1.0284509333814174,1.05713527302882,0.0,0.0,0.0,0.0,2.0,0.0,0.0,2.0,0.0,0.0,0.0,0.0,296952.3089059225,318906.5163295131,30668.645397218,526392.1229839198,31984.96319082751,548622.4637304976,8671.558392439005,149114.6165698922,9323.802069000007,160129.88905966977,3445.0,58565.0,2667.0,45339.0,6112.0,103904.0,5547.1776191039835,95558.34805863039,1509.0656730673763,25995.89065503845,7056.24329217136,121554.23871366885,1143660.451407036,733996.2440850508,-112799.3948232187,0.0,76800.0,0.0,30136.408773285628,13883.445913453103,143827.52237293,9872.672649566653,88142.91654300569,0.0,82384.0,9872.672649566626,1145842.9442721326,13883.445913453017,736554.830410338,7651833.773931309,7539034.37910809
2027-12-31,4.00000000000007,2.0000000000000684,1.0301495037129325,1.0605960588273,0.0,0.0,0.0,0.0,2.0,0.0,0.0,2.0,0.0,0.0,0.0,0.0,313971.01793974295,337190.0647853331,30664.949795776232,557057.0727796961,31965.98859004871,580588.4523205464,8675.492286972805,157790.10885686503,9320.16512406771,169450.0541837375,3445.0,62010.0,2667.0,48006.0,6112.0,110016.0,5538.031110472475,101096.37916910287,1506.5774379409781,27502.468092979427,7044.608548413453,128598.8472620823,1153147.6411888858,747485.4269295067,-112799.3948232187,0.0,76800.0,0.0,30136.408773285628,13906.33774540836,157733.86011833834,9888.95128562373,98031.86782862942,0.0,82384.0,9888.951285623618,1155731.8955577563,13906.33774540836,750461.1681557464,7651833.773931309,7539034.37910809
2028-01-31,4.00000000000007,2.0000000000000684,1.0318508793714471,1.0640681743379263,0.0,0.0,0.0,0.0,2.0,0.0,0.0,2.0,0.0,0.0,0.0,0.0,330969.65023026813,355436.1755365382,30661.318928644643,587718.3917083407,31947.08230229665,612535.534622843,8679.448751948981,166469.557608814,9316.552522854181,178766.60670659167,3445.0,65455.0,2667.0,50673.0,6112.0,116128.0,5528.899683135615,106625.2788522385,1504.09330556117,29006.561398540598,7032.992988696786,135631.8402507791,1162635.493418437,760975.2976031911,-112799.3948232187,0.0,76800.0,0.0,30136.408773285628,13929.267322745669,171663.127441084,9905.25676284136,107937.12459147078,0.0,82384.0,9905.256762841444,1165637.1523205978,13929.267322745669,764390.435478492,7651833.773931309,7539034.37910809
2028-02-29,4.00000000000007,2.0000000000000684,1.033555064990187,1.0675516566512282,0.0,0.0,0.0,0.0,2.0,0.0,0.0,2.0,0.0,0.0,0.0,0.0,347948.2844497666,373644.9594183351,30657.7527824906,618376.1444908313,31928.244272699194,644463.7788955423,8683.42779643481,175152.98540524882,9312.964253843596,188079.57096043526,3445.0,68900.0,2667.0,53340.0,6112.0,122240.0,5519.78331222649,112145.06216446498,1501.6132691631049,30508.174667703704,7021.396581389595,142653.23683216868,1172124.033888825,774465.8927795901,-112799.3948232187,0.0,76800.0,0.0,30136.408773285628,13952.234707701831,185615.36214878585,9921.589125476845,117858.71371694763,0.0,82384.0,9921.589125476889,1175558.7414460746,13952.23470770186,778342.6701861939,7651833.773931309,7539034.37910809
2028-03-31,4.00000000000007,2.0000000000000684,1.0352620652100297,1.0710465429791596,0.0,0.0,0.0,0.0,2.0,0.0,0.0,2.0,0.0,0.0,0.0,0.0,364906.9991592049,391816.52706006693,30654.25134415201,649030.3958349833,31909.474446564436,676373.2533421067,8687.429429556325,183840.41483480515,9309.400305583707,197388.97126601895,3445.0,72345.0,2667.0,56007.0,6112.0,128352.0,5510.681972919188,117655.74413738417,1499.1373219930904,32007.311989696795,7009.819294912279,149663.05612708096,1181613.2883949862,787957.2491340596,-112799.3948232187,0.0,76800.0,0.0,30136.408773285628,13975.239962616215,199590.60211140206,9937.948417860409,127796.66213480804,0.0,82384.0,9937.94841786048,1185496.689863935,13975.239962616215,792317.9101488101,7651833.773931309,7539034.37910809
2028-04-30,4.00000000000007,2.0000000000000684,1.036971884679518,1.074552870655497,0.0,0.0,0.0,0.0,2.0,0.0,0.0,2.0,0.0,0.0,0.0,0.0,381845.8728085498,409950.9888856805,30650.814600637474,679681.2104356207,31890.772769380812,708264.0261114875,8691.453660498286,192531.86849530344,9305.860666685796,206694.83193270475,3445.0,75790.0,2667.0,58674.0,6112.0,134464.0,5501.59564042873,123157.3397778129,1496.6654573085696,33503.97744700537,6998.2610977373,156661.31722481825,1191103.2827337289,801449.4033439257,-112799.3948232187,0.0,76800.0,0.0,30136.408773285628,13998.283149931001,213588.88526133305,9954.334684395375,137750.9968192034,0.0,82384.0,9954.334684395235,1195451.0245483303,13998.283149930974,806316.1932987411,7651833.773931309,7539034.37910809
2028-05-31,4.00000000000007,2.0000000000000684,1.0386845280548715,1.0780706771362378,0.0,0.0,0.0,0.0,2.0,0.0,0.0,2.0,0.0,0.0,0.0,0.0,398764.98373706994,428048.4551141935,30647.442539126107,710328.6529747469,31872.139186816843,740136.1652983044,8695.500498504201,201227.36899380764,9302.345325824594,215997.17725852935,3445.0,79235.0,2667.0,61341.0,6112.0,140576.0,5492.524290011006,128649.8640678239,1494.1976683781036,34998.17511538347,6986.721958389109,163648.03918320735,1200594.0427038015,814942.3920885837,-112799.3948232187,0.0,76800.0,0.0,30136.408773285628,14021.364332191373,227610.24959352444,9970.7479695583,147721.7447887617,0.0,82384.0,9970.7479695583,1205421.7725178886,14021.364332191457,820337.5576309325,7651833.773931309,7539034.37910809
2028-06-30,4.00000000000007,2.0000000000000684,1.0404000000000009,1.0816000000000008,0.0,0.0,0.0,0.0,2.0,0.0,0.0,2.0,0.0,0.0,0.0,0.0,415664.4101736369,446109.03576015966,30644.135146967685,740972.7881217146,31853.573644720873,771989.7389430252,8699.56995287642,209926.93894668407,9298.854271738228,225296.0315302676,3445.0,82680.0,2667.0,64008.0,6112.0,146688.0,5483.467896962702,134133.3319647866,1491.7339484813522,36489.90906386482,6975.201845444054,170623.2410286514,1210085.594105965,828436.2520495974,-112799.3948232187,0.0,76800.0,0.0,30136.408773285628,14044.48357204556,241654.73316557,9987.18831789908,157708.93310666076,0.0,82384.0,9987.18831789922,1215408.9608357877,14044.483572045505,834382.041202978,7651833.773931309,7539034.37910809
2028-07-31,4.00000000000007,2.0000000000000684,1.0421183051865186,1.0851408769484272,0.0,0.0,0.0,0.0,2.0,0.0,0.0,2.0,0.0,0.0,0.0,0.0,432544.23023702623,464132.8406341351,30640.892411682373,771613.680533397,31835.07608912123,803824.8150321465,8703.662032976064,218630.60097966014,9295.387493228338,234591.41902349592,3445.0,86125.0,2667.0,66675.0,6112.0,152800.0,5474.426436621241,139607.75840140783,1489.2742909090564,37979.18335477388,6963.700727530298,177586.94175618168,1219577.9627430611,841931.0199108009,-112799.3948232187,0.0,76800.0,0.0,30136.408773285628,14067.640932245193,255722.3740978152,10003.655774040999,167712.58888070175,0.0,82384.0,10003.655774040886,1225412.6166098285,14067.640932245136,848449.6821352232,7651833.773931309,7539034.37910809
2028-08-31,4.00000000000007,2.0000000000000684,1.0438394482937534,1.0886933458065835,0.0,0.0,0.0,0.0,2.0,0.0,0.0,2.0,0.0,0.0,0.0,0.0,449404.5219362173,482119.9793431413,30637.71432096089,802251.3948543579,31816.646466225706,835641.4614983723,8707.776748223081,227338.37772788323,9291.944979159864,243883.36400265578,3445.0,89570.0,2667.0,69342.0,6112.0,158912.0,5465.399884364708,145073.15828577254,1486.8186889630194,39466.002043736895,6952.218573327727,184539.1603295094,1229071.1744200834,855426.7323583955,-112799.3948232187,0.0,76800.0,0.0,30136.408773285628,14090.836475645221,269813.21057346044,10020.150382681057,177732.7392633828,0.0,82384.0,10020.15038268114,1235432.7669925096,14090.836475645277,862540.5186108685,7651833.773931309,7539034.37910809
2028-09-30,4.00000000000007,2.0000000000000684,1.045563434008762,1.0922574445233657,0.0,0.0,0.0,0.0,2.0,0.0,0.0,2.0,0.0,0.0,0.0,0.0,466245.3631706934,500070.5612911293,30634.60086266425,832885.9957170222,31798.28472242155,867439.7462207938,8711.91410809627,236050.2918359795,9288.526718461071,253171.89072111686,3445.0,93015.0,2667.0,72009.0,6112.0,165024.0,5456.388215611785,150529.54650138432,1484.3671359560897,40950.369179692985,6940.755351567875,191479.91568107728,1238565.2549442477,868923.4260810516,-112799.3948232187,0.0,76800.0,0.0,30136.408773285628,14114.070265204427,283927.28083866485,10036.6721885898,187769.4114519726,0.0,82384.0,10036.672188589662,1245469.4391810992,14114.070265204484,876654.588876073,7651833.773931309,7539034.37910809
2028-10-31,4.00000000000007,2.0000000000000684,1.0472902670263424,1.0958332111719047,0.0,0.0,0.0,0.0,2.0,0.0,0.0,2.0,0.0,0.0,0.0,0.0,483066.8317307407,517984.6956794421,30631.552024823868,863517.5477418461,31779.990804275436,899219.7370250692,8716.074122133354,244766.36595811284,9285.132700123564,262457.02342124045,3445.0,96460.0,2667.0,74676.0,6112.0,171136.0,5447.39140582169,155976.937907206,1481.9196252121405,42432.288804905125,6929.311031033831,198409.22671211112,1248060.2301250612,882421.1377700076,-112799.3948232187,0.0,76800.0,0.0,30136.408773285628,14137.342363985212,298064.62320265005,10053.221236611702,197822.63268858433,0.0,82384.0,10053.221236611786,1255522.660417711,14137.3423639851,890791.9312400582,7651833.773931309,7539034.37910809
2028-11-30,4.00000000000007,2.0000000000000684,1.0490199520490462,1.099420683949973,0.0,0.0,0.0,0.0,2.0,0.0,0.0,2.0,0.0,0.0,0.0,0.0,499869.0052977478,535862.4915072762,30628.567795641582,894146.1155374877,31761.76465853305,930981.5016836022,8720.256799930845,253486.6227580437,9281.762913202214,271738.7863344427,3445.0,99905.0,2667.0,77343.0,6112.0,177248.0,5438.409430494099,161415.3473377001,1479.4761500660545,43911.76495497118,6917.885580560153,205327.11229267129,1257556.1257743938,895919.9041191693,-112799.3948232187,0.0,76800.0,0.0,30136.408773285628,14160.652835154107,312225.27603780414,10069.79757166512,207892.43026024944,0.0,82384.0,10069.797571665147,1265592.457989376,14160.652835154164,904952.5840752124,7651833.773931309,7539034.37910809
2028-12-31,4.00000000000007,2.0000000000000684,1.0507524937871917,1.1030199011803923,0.0,0.0,0.0,0.0,2.0,0.0,0.0,2.0,0.0,0.0,0.0,0.0,516651.96144450357,553704.0575721428,30625.648163489484,924771.7637009772,31743.606232119106,962725.1079157214,8724.46215114425,262211.0849091879,9278.4173468151,281017.2036812578,3445.0,103350.0,2667.0,80010.0,6112.0,183360.0,5429.442265169089,166844.7896028692,1477.0367038637032,45388.801658834884,6906.4789690327925,212233.59126170407,1267052.9677065474,909419.7618252109,-112799.3948232187,0.0,76800.0,0.0,30136.408773285628,14184.001741981678,326409.2777797858,10086.40123874252,217978.83149899196,0.0,82384.0,10086.401238742354,1275678.8592281183,14184.001741981621,919136.585817194,7651833.773931309,7539034.37910809
2029-01-31,4.00000000000007,2.0000000000000684,1.0524878969588767,1.1066309013114437,0.0,0.0,0.0,0.0,2.0,0.0,0.0,2.0,0.0,0.0,0.0,0.0,533415.7776354958,571509.5024703279,30622.793116909917,955394.5568178871,31725.5154721374,994450.6233878587,8728.690185488063,270939.775094676,9275.09599014353,290292.2996714013,3445.0,106795.0,2667.0,82677.0,6112.0,189472.0,5420.4898854270705,172265.27948829625,1474.6012799619305,46863.40293879681,6895.091165389001,219128.68242709307,1276550.7817383267,922920.7475876731,-112799.3948232187,0.0,76800.0,0.0,30136.408773285628,14207.389147842943,340616.66692762874,10103.032282910526,228081.86378190247,0.0,82384.0,10103.032282910719,1285781.891511029,14207.389147842998,933343.974965037,7651833.773931309,7539034.37910809
2029-02-28,4.00000000000007,2.0000000000000684,1.0542261662899912,1.1102537229172775,0.0,0.0,0.0,0.0,2.0,0.0,0.0,2.0,0.0,0.0,0.0,0.0,550160.531227208,589278.9345973512,30620.002644615237,986014.5594625024,31707.492325869964,1026158.1157137287,8732.940912735601,279672.7160074116,9271.798832431996,299564.09850383335,3445.0,110240.0,2667.0,85344.0,6112.0,195584.0,5411.552266888713,177676.83175518498,1472.1698717285335,48335.572810525344,6883.722138617247,226012.4045657103,1286049.5936891087,936422.8981090642,-112799.3948232187,0.0,76800.0,0.0,30136.408773285628,14230.81511621724,354847.482043846,10119.69074931005,238201.55453121252,0.0,82384.0,10119.690749310023,1295901.582260339,14230.81511621724,947574.7900812542,7651833.773931309,7539034.37910809
2029-03-31,4.00000000000007,2.0000000000000684,1.0559673065142308,1.1138884046983262,0.0,0.0,0.0,0.0,2.0,0.0,0.0,2.0,0.0,0.0,0.0,0.0,566886.2994684168,607012.4621484253,30617.276735488158,1016631.8361979906,31689.53674077794,1057847.6524545066,8737.214342719244,288409.93035013083,9268.525862988003,308832.6243668214,3445.0,113685.0,2667.0,88011.0,6112.0,201696.0,5402.629385214888,183079.46114039986,1469.7424725422447,49805.31528306759,6872.371857757133,232884.77642346744,1295549.4293809135,949926.250094959,-112799.3948232187,0.0,76800.0,0.0,30136.408773285628,14254.27971068877,369101.76175453473,10136.376683156463,248337.931214369,0.0,82384.0,10136.376683156435,1306037.9589434955,14254.27971068877,961829.069791943,7651833.773931309,7539034.37910809
2029-04-30,4.00000000000007,2.0000000000000684,1.0577113223731087,1.1175349854817171,0.0,0.0,0.0,0.0,2.0,0.0,0.0,2.0,0.0,0.0,0.0,0.0,583593.1595004891,624710.1931189123,30614.6153785816,1047246.4515765721,31671.648664500346,1089519.301119007,8741.510485330347,297151.4408354612,9265.277071182261,318097.90143800364,3445.0,117130.0,2667.0,90678.0,6112.0,207808.0,5393.721216106596,188473.18235650644,1467.3190757927148,51272.634358860305,6861.040291899311,239745.81671536676,1305050.3146384745,963430.8402540996,-112799.3948232187,0.0,76800.0,0.0,30136.408773285628,14277.78299494649,383379.5447494812,10153.09012973975,258491.02134410874,0.0,82384.0,10153.090129739805,1316191.0490732354,14277.782994946436,976106.8527868894,7651833.773931309,7539034.37910809
2029-05-31,4.00000000000007,2.0000000000000684,1.0594582186159696,1.1211935042216876,0.0,0.0,0.0,0.0,2.0,0.0,0.0,2.0,0.0,0.0,0.0,0.0,600281.1883576778,642372.2353047814,30612.018563118363,1077858.4701396904,31653.828044854676,1121173.1291638615,8745.829350519347,305897.27018598054,9262.052446448586,327359.95388445223,3445.0,120575.0,2667.0,93345.0,6112.0,213920.0,5384.827735304904,193858.01009181133,1464.899674880493,52737.5340337408,6849.727410185397,246595.54412555214,1314552.2752893078,976936.7052984938,-112799.3948232187,0.0,76800.0,0.0,30136.408773285628,14301.325032784345,397680.86978226557,10169.831134424412,268660.85247853317,0.0,82384.0,10169.831134424467,1326360.88020766,14301.3250327844,990408.1778196738,7651833.773931309,7539034.37910809
2029-06-30,4.00000000000007,2.0000000000000684,1.0612080000000015,1.1248640000000012,0.0,0.0,0.0,0.0,2.0,0.0,0.0,2.0,0.0,0.0,0.0,0.0,616950.4629674172,659998.6963030644,30609.48627849133,1108467.9564181818,31636.074829836616,1152809.203993698,8750.170948295696,314647.4411342762,9258.85197828369,336618.8058627359,3445.0,124020.0,2667.0,96012.0,6112.0,220032.0,5375.9489185908815,199233.9590104022,1462.484263217011,54200.01829695781,6838.433181807893,253433.97730736004,1324055.3371637836,990443.8819435162,-112799.3948232187,0.0,76800.0,0.0,30136.408773285628,14324.905888101397,412005.77567036694,10186.599742649874,278847.45222118305,0.0,82384.0,10186.59974264982,1336547.4799503097,14324.905888101397,1004733.0837077752,7651833.773931309,7539034.37910809
2029-07-31,4.00000000000007,2.0000000000000684,1.0629606712902497,1.1285465120263647,0.0,0.0,0.0,0.0,2.0,0.0,0.0,2.0,0.0,0.0,0.0,0.0,633601.0601506196,677589.6835123114,30607.01851426363,1139074.9749324454,31618.38896761959,1184427.5929613176,8754.53528872785,323401.97642300406,9255.6756562474,345874.4815189833,3445.0,127465.0,2667.0,98679.0,6112.0,226144.0,5367.084741785527,204601.04375218775,1460.0728342245638,55660.09113118237,6827.15757601009,260261.13488337013,1333559.5260951954,1003952.4069080071,-112799.3948232187,0.0,76800.0,0.0,30136.408773285628,14348.5256249023,426354.3012952692,10203.395999930543,289050.8482211136,0.0,82384.0,10203.395999930433,1346750.87595024,14348.525624902246,1019081.6093326774,7651833.773931309,7539034.37910809
2029-08-31,4.00000000000007,2.0000000000000684,1.0647162372596293,1.1322410796388471,0.0,0.0,0.0,0.0,2.0,0.0,0.0,2.0,0.0,0.0,0.0,0.0,650233.0566219692,695145.3041330448,30604.615260168153,1169679.5901926137,31600.77040655478,1216028.3633678723,8758.922381943466,332160.8988049475,9252.523469962453,355127.0049889458,3445.0,130910.0,2667.0,101346.0,6112.0,232256.0,5358.235180749709,209959.27893293745,1457.6653813362925,57117.75651251867,6815.900562086002,267077.03544545616,1343064.867919831,1017462.3169143733,-112799.3948232187,0.0,76800.0,0.0,30136.408773285628,14372.184307297059,440726.4856025663,10220.21995185567,299271.0681729693,0.0,82384.0,10220.219951855725,1356971.0959020958,14372.184307297059,1033453.7936399746,7651833.773931309,7539034.37910809
2029-09-30,4.00000000000007,2.0000000000000684,1.066474702688938,1.1359477423043007,0.0,0.0,0.0,0.0,2.0,0.0,0.0,2.0,0.0,0.0,0.0,0.0,666846.5289902166,712665.6651682124,30602.276506107606,1200281.8666987212,31583.21909517123,1247611.5824630435,8763.332238129271,340924.2310430768,9249.395409114539,364376.40039806033,3445.0,134355.0,2667.0,104013.0,6112.0,238368.0,5349.4002113841,215308.67914432156,1455.261897996165,58573.01841051483,6804.662109380265,273881.6975548364,1352571.3884770419,1030973.6486886867,-112799.3948232187,0.0,76800.0,0.0,30136.408773285628,14395.881999501407,455122.3676020677,10237.071644089887,309508.13981705916,0.0,82384.0,10237.071644089832,1367208.1675461857,14395.881999501407,1047849.6756394759,7651833.773931309,7539034.37910809
2029-10-31,4.00000000000007,2.0000000000000684,1.06823607236687,1.1396665396187813,0.0,0.0,0.0,0.0,2.0,0.0,0.0,2.0,0.0,0.0,0.0,0.0,683441.5537584729,730150.8734236408,30600.00224215485,1230881.868940876,31565.734982175287,1279177.3174452188,8767.764867531181,349691.995910608,9246.29146345219,373622.69186151255,3445.0,137800.0,2667.0,106680.0,6112.0,244480.0,5340.579809629104,220649.25895395066,1452.8623776589604,60025.88078817379,6793.442187288064,280675.1397421245,1362079.1136093144,1044486.4389607849,-112799.3948232187,0.0,76800.0,0.0,30136.408773285628,14419.618765836982,469541.9863679047,10253.95112237295,319762.0909394321,0.0,82384.0,10253.951122373004,1377462.1186685588,14419.618765836927,1062269.2944053127,7651833.773931309,7539034.37910809
2029-11-30,4.00000000000007,2.0000000000000684,1.0700003510900278,1.1433975113079722,0.0,0.0,0.0,0.0,2.0,0.0,0.0,2.0,0.0,0.0,0.0,0.0,700018.2073245038,747601.0355084871,30597.792458552492,1261479.6613994285,31548.318016450685,1310725.6354616694,8772.220280454114,358464.21619106206,9243.211622786877,382865.90348429943,3445.0,141245.0,2667.0,109347.0,6112.0,250592.0,5331.773951464799,225981.03290541546,1450.4668137902486,61476.34760196404,6782.240765255048,287457.38050737954,1371588.0691623392,1058000.724464371,-112799.3948232187,0.0,76800.0,0.0,30136.408773285628,14443.394670731499,483985.3810386362,10270.858432520197,330032.9493719523,0.0,82384.0,10270.858432520145,1387732.977101079,14443.394670731554,1076712.6890760444,7651833.773931309,7539034.37910809
2029-12-31,4.00000000000007,2.0000000000000684,1.0717675436629361,1.1471406972276084,0.0,0.0,0.0,0.0,2.0,0.0,0.0,2.0,0.0,0.0,0.0,0.0,716576.5659810221,765016.2578356899,30595.647145713134,1292075.3085451417,31530.96814705844,1342256.603608728,8776.698487262363,367240.9146783244,9240.155876992947,392106.0593612924,3445.0,144690.0,2667.0,112014.0,6112.0,256704.0,5322.98261291087,231304.0155183263,1448.075199866375,62924.42280183041,6771.057812777244,294228.43832015677,1381098.2809850823,1071516.5419371135,-112799.3948232187,0.0,76800.0,0.0,30136.408773285628,14467.20977871888,498452.5908173551,10287.793620422333,340320.7429923746,0.0,82384.0,10287.793620422386,1398020.7707215014,14467.20977871877,1091179.8988547632,7651833.773931309,7539034.37910809
2030-01-31,4.00000000000007,2.0000000000000684,1.0735376548980549,1.1508961373639017,0.0,0.0,0.0,0.0,2.0,0.0,0.0,2.0,0.0,0.0,0.0,0.0,733116.7059159806,782396.6466224196,30593.566294218756,1322668.8748393604,31513.685323236463,1373770.2889319644,8781.199498379337,376022.11417670373,9237.12421600743,401343.1835772998,3445.0,148135.0,2667.0,114681.0,6112.0,262816.0,5314.205770026537,236618.22128835286,1445.6875293744408,64370.11033120485,6759.893299400977,300988.33161955775,1390609.774929854,1085033.9281207458,-112799.3948232187,0.0,76800.0,0.0,30136.408773285628,14491.064154439508,512943.6549717946,10304.756732045838,350625.4997244204,0.0,82384.0,10304.756732045838,1408325.5274535473,14491.064154439779,1105670.963009203,7651833.773931309,7539034.37910809
2030-02-28,4.00000000000007,2.0000000000000684,1.0753106896157918,1.154663871833969,0.0,0.0,0.0,0.0,2.0,0.0,0.0,2.0,0.0,0.0,0.0,0.0,749638.7032128648,799742.3078905278,30591.549894821528,1353260.424734182,31496.469494399626,1405266.758426364,8785.723324287663,384807.8375009914,9234.116629830145,410577.30020712997,3445.0,151580.0,2667.0,117348.0,6112.0,268928.0,5305.4433989105,241923.66468726334,1443.3037958122868,65813.41412701714,6748.747194722787,307737.0788142805,1400122.5768523812,1098552.9197611664,-112799.3948232187,0.0,76800.0,0.0,30136.408773285628,14514.957862640213,527458.6128344348,10321.74781343302,360947.2475378534,0.0,82384.0,10321.74781343291,1418647.2752669803,14514.957862640213,1120185.9208718434,7651833.773931309,7539034.37910809
2030-03-31,4.00000000000007,2.0000000000000684,1.0770866526445162,1.1584439408862597,0.0,0.0,0.0,0.0,2.0,0.0,0.0,2.0,0.0,0.0,0.0,0.0,766142.6338509839,817053.3474669962,30589.597938443083,1383850.022672625,31479.32061013951,1436746.0790365036,8790.26997552933,393598.10747652076,9231.133108523762,419808.4333156537,3445.0,155025.0,2667.0,120015.0,6112.0,275040.0,5296.695475700867,247220.3601629642,1440.9239926884743,67254.33811970562,6737.619468389341,314474.6982826699,1409636.712611876,1112073.5536085386,-112799.3948232187,0.0,76800.0,0.0,30136.408773285628,14538.890968174648,541997.5038026095,10338.766910702005,371286.0144485554,0.0,82384.0,10338.766910702112,1428986.0421776825,14538.890968174648,1134724.811840018,7651833.773931309,7539034.37910809
2030-04-30,4.00000000000007,2.0000000000000684,1.0788655488205716,1.1622363849009862,0.0,0.0,0.0,0.0,2.0,0.0,0.0,2.0,0.0,0.0,0.0,0.0,782628.5737057632,834329.8709843844,30587.710416174905,1414437.7330888,31462.23862022444,1468208.317656728,8794.83946270552,402392.9469392263,9228.173642213516,429036.6069578672,3445.0,158470.0,2667.0,122682.0,6112.0,281152.0,5287.96197657509,252508.3221395393,1438.5481135222683,68692.88623322788,6726.510090097358,321201.20837276726,1419152.2080711066,1125595.8664173905,-112799.3948232187,0.0,76800.0,0.0,30136.408773285628,14562.863536003619,556560.3673386131,10355.81407004698,381641.8285186024,0.0,82384.0,10355.81407004698,1439341.8562477294,14562.86353600351,1149287.6753760215,7651833.773931309,7539034.37910809
2030-05-31,4.00000000000007,2.0000000000000684,1.0806473829882897,1.1660412443905557,0.0,0.0,0.0,0.0,2.0,0.0,0.0,2.0,0.0,0.0,0.0,0.0,799096.598549034,851571.9838812766,30585.887319278045,1445023.620408078,31445.223474599,1499653.541131327,8799.431796476729,411192.378735703,9225.238221087433,438261.84517895465,3445.0,161915.0,2667.0,125349.0,6112.0,287264.0,5279.2428777499035,257787.5650172892,1436.1761518436197,70129.0623850715,6715.419029593523,327916.6274023608,1428669.089096467,1139119.8949467153,-112799.3948232187,0.0,76800.0,0.0,30136.408773285628,14586.875631194604,571147.2429698077,10372.889337738383,392014.7178563408,0.0,82384.0,10372.889337738437,1449714.745585468,14586.875631194496,1163874.551007216,7651833.773931309,7539034.37910809
2030-06-30,4.00000000000007,2.0000000000000684,1.0824321600000022,1.1698585600000018,0.0,0.0,0.0,0.0,2.0,0.0,0.0,2.0,0.0,0.0,0.0,0.0,815546.7840493253,868779.7914027283,30584.128639183185,1475607.7490472612,31428.27512338415,1531081.816254711,8804.046987562806,419996.4257232658,9222.326835396141,447484.17201435077,3445.0,165360.0,2667.0,128016.0,6112.0,293376.0,5270.538155481253,263058.10317277047,1433.8081011931472,71562.87048626466,6704.3462566744,334620.97365903517,1438187.381558049,1152645.6759600705,-112799.3948232187,0.0,76800.0,0.0,30136.408773285628,14610.927318922817,585758.1702887305,10389.992760122897,402404.7106164637,0.0,82384.0,10389.992760122845,1460104.7383455907,14610.927318922924,1178485.478326139,7651833.773931309,7539034.37910809
2030-07-31,4.00000000000007,2.0000000000000684,1.0842198847160553,1.1736883725074196,0.0,0.0,0.0,0.0,2.0,0.0,0.0,2.0,0.0,0.0,0.0,0.0,831979.2057721529,885953.3986007117,30582.434367490518,1506190.1834147517,31411.39351687709,1562493.2097715882,8808.685046742963,428805.11077000876,9219.439475452873,456703.61148980365,3445.0,168805.0,2667.0,130683.0,6112.0,299488.0,5261.847786064239,268319.9509588347,1431.4439551221208,72994.31444138677,6693.29174118636,341314.2654002215,1447707.11132971,1166173.2462256784,-112799.3948232187,0.0,76800.0,0.0,30136.408773285628,14635.018664470641,600393.1889532012,10407.124383623512,412811.8350000872,0.0,82384.0,10407.124383623457,1470511.8627292141,14635.018664470534,1193120.4969906097,7651833.773931309,7539034.37910809
2030-08-31,4.00000000000007,2.0000000000000684,1.0860105620048224,1.1775307228244014,0.0,0.0,0.0,0.0,2.0,0.0,0.0,2.0,0.0,0.0,0.0,0.0,848393.9391803098,903092.9103345606,30580.804495969984,1536770.9879107217,31394.578605551105,1593887.7883771393,8813.345984855676,437618.4567548644,9216.576131633477,465920.18762143713,3445.0,172250.0,2667.0,133350.0,6112.0,305600.0,5253.171745833046,273573.1227046678,1429.083707192443,74423.39814857922,6682.255453025489,347996.520853247,1457228.3042891468,1179702.6425165255,-112799.3948232187,0.0,76800.0,0.0,30136.408773285628,14659.149733228145,615052.3386864293,10424.28425474001,423236.1192548272,0.0,82384.0,10424.284254740172,1480936.1469839544,14659.14973322836,1207779.646723838,7651833.773931309,7539034.37910809
2030-09-30,4.00000000000007,2.0000000000000684,1.0878041967427174,1.1813856519964732,0.0,0.0,0.0,0.0,2.0,0.0,0.0,2.0,0.0,0.0,0.0,0.0,864791.0596341549,920198.431271413,30579.239016560823,1567350.2269272825,31377.83034005495,1625265.6187171943,8818.029812799057,446436.4865676635,9213.736794376266,475133.9244158134,3445.0,175695.0,2667.0,136017.0,6112.0,311712.0,5244.510011160879,278817.63271582866,1426.7273509766317,75850.12549955586,6671.237362137511,354667.75821538456,1466750.9863179612,1193233.901610463,-112799.3948232187,0.0,76800.0,0.0,30136.408773285628,14683.320590693356,629735.6592771227,10441.4724200486,433677.5916748758,0.0,82384.0,10441.4724200486,1491377.619404003,14683.320590693356,1222462.9673145313,7651833.773931309,7539034.37910809
2030-10-31,4.00000000000007,2.0000000000000684,1.089600793814208,1.185253201203533,0.0,0.0,0.0,0.0,2.0,0.0,0.0,2.0,0.0,0.0,0.0,0.0,881170.6423919025,937270.0658866559,30577.737921371998,1597927.9648486546,31361.148671213636,1656626.7673884078,8822.736541530438,455259.22310919396,9210.921454182164,484344.8458699956,3445.0,179140.0,2667.0,138684.0,6112.0,317824.0,5235.862558459902,284053.4952742886,1424.3748800578035,77274.50037961366,6660.237438517705,361327.99565390224,1476275.183301735,1206767.0602903066,-112799.3948232187,0.0,76800.0,0.0,30136.408773285628,14707.531302472102,644443.1905795948,10458.688926202418,444136.28060107824,0.0,82384.0,10458.688926202365,1501836.3083302055,14707.531302472102,1237170.4986170034,7651833.773931309,7539034.37910809
2030-11-30,4.00000000000007,2.0000000000000684,1.091400358111829,1.1891334117602916,0.0,0.0,0.0,0.0,2.0,0.0,0.0,2.0,0.0,0.0,0.0,0.0,897532.7626099101,954307.9184643669,30576.301202681723,1628504.2660513362,31344.533550027518,1687971.3009384354,8827.466182066713,464086.68929126067,9208.130101614553,493552.97597161017,3445.0,182585.0,2667.0,141351.0,6112.0,323936.0,5227.229364181173,289280.72463846975,1422.0262880296546,78696.52666764331,6649.255652210828,367977.2513061131,1485800.9211300975,1220302.1553439365,-112799.3948232187,0.0,76800.0,0.0,30136.408773285628,14731.78193427866,659174.9725138735,10475.933819931503,454612.21442100976,0.0,82384.0,10475.933819931503,1512312.242150137,14731.78193427866,1251902.280551282,7651833.773931309,7539034.37910809
2030-12-31,4.00000000000007,2.0000000000000684,1.0932028945361956,1.1930263251167132,0.0,0.0,0.0,0.0,2.0,0.0,0.0,2.0,0.0,0.0,0.0,0.0,913877.4953429666,971312.093097755,30574.928852937734,1659079.1949042738,31327.984927672194,1719299.2858661076,8832.218745484239,472918.9080367449,9205.362727299318,502758.3386989095,3445.0,186030.0,2667.0,144018.0,6112.0,330048.0,5218.610404814574,294499.33504328434,1419.6815684964452,80116.20823613975,6638.291973311019,374615.54327942414,1495328.225696797,1233839.2235643973,-112799.3948232187,0.0,76800.0,0.0,30136.408773285628,14756.07255193536,673931.0450658088,10493.207148042906,465105.4215690527,0.0,82384.0,10493.207148042799,1522805.4492981797,14756.072551935253,1266658.3531032172,7651833.773931309,7539034.37910809
2031-01-31,4.00000000000007,2.0000000000000684,1.0950084079960165,1.1969319828584584,0.0,0.0,0.0,0.0,2.0,0.0,0.0,2.0,0.0,0.0,0.0,0.0,930204.9155445801,988282.6936896028,30573.620864757235,1689652.8157690312,31311.50275549913,1750610.7886216068,8836.994242918785,481755.9022796637,9202.619321924669,511960.9580208342,3445.0,189475.0,2667.0,146685.0,6112.0,336160.0,5210.0056568887585,299709.3407001731,1417.3407150729804,81533.54895121272,6627.346371961739,381242.8896513859,1504857.1228997712,1247378.3017499982,-112799.3948232187,0.0,76800.0,0.0,30136.408773285628,14780.403221373193,688711.448287182,10510.508957420961,475615.9305264736,0.0,82384.0,10510.508957420961,1533315.9582556006,14780.403221373086,1281438.7563245902,7651833.773931309,7539034.37910809
2031-02-28,4.00000000000007,2.0000000000000684,1.0968169034081081,1.2008504267073283,0.0,0.0,0.0,0.0,2.0,0.0,0.0,2.0,0.0,0.0,0.0,0.0,946515.0980672644,1005219.8239527048,30572.377230926606,1720225.1929999578,31295.086985034322,1781905.8756066412,8841.792685565844,490597.69496522954,9199.899876241336,521160.85789707553,3445.0,192920.0,2667.0,149352.0,6112.0,342272.0,5201.415096971076,304910.7557971442,1415.0037213845942,82948.55267259732,6616.418818355671,387859.30846974155,1514387.638641217,1260919.4267044126,-112799.3948232187,0.0,76800.0,0.0,30136.408773285628,14804.774008631899,703516.222295814,10527.839295027146,486143.76982150075,0.0,82384.0,10527.8392950272,1543843.797550628,14804.774008632112,1296243.5303332224,7651833.773931309,7539034.37910809
2031-03-31,4.00000000000007,2.0000000000000684,1.098628385697407,1.2047816985217106,0.0,0.0,0.0,0.0,2.0,0.0,0.0,2.0,0.0,0.0,0.0,0.0,962808.1176628267,1022123.5874103073,30571.19794440196,1750796.3909443598,31278.737567979144,1813184.6131746203,8846.61408468026,499444.3090499098,9197.20438106234,530358.0622781379,3445.0,196365.0,2667.0,152019.0,6112.0,348384.0,5192.838701667514,310103.5944988117,1412.6705810671308,84361.22325366444,6605.509282734645,394464.8177524762,1523919.7988276612,1274462.6352367788,-112799.3948232187,0.0,76800.0,0.0,30136.408773285628,14829.184979860132,718345.407275674,10545.198207900541,496688.9680294013,0.0,82384.0,10545.198207900596,1554388.9957585286,14829.184979860132,1311072.7153130826,7651833.773931309,7539034.37910809
2031-04-30,4.00000000000007,2.0000000000000684,1.1004428597969838,1.2087258402970262,0.0,0.0,0.0,0.0,2.0,0.0,0.0,2.0,0.0,0.0,0.0,0.0,979084.0489826527,1038994.0873965471,30570.08299830807,1781366.473942668,31262.45445620962,1844447.06763083,8851.458451576671,508295.76750148647,9194.53282726313,539552.595105401,3445.0,199810.0,2667.0,154686.0,6112.0,354496.0,5184.276447622635,315287.8709464343,1410.3412877669289,85771.56454143138,6594.617735389564,401059.43548786576,1533453.629370031,1288007.9641617993,-112799.3948232187,0.0,76800.0,0.0,30136.408773285628,14853.636201315394,733199.0434769895,10562.585743157626,507251.5537725589,0.0,82384.0,10562.58574315752,1564951.581501686,14853.636201315288,1325926.351514398,7651833.773931309,7539034.37910809
2031-05-31,4.00000000000007,2.0000000000000684,1.102260330648056,1.2126828941661785,0.0,0.0,0.0,0.0,2.0,0.0,0.0,2.0,0.0,0.0,0.0,0.0,995342.966577994,1055831.4270568888,30569.032385939856,1811935.506328608,31246.237601777146,1875693.305232607,8856.325797629035,517152.0932991155,9191.885205781286,548744.4803111823,3445.0,203255.0,2667.0,157353.0,6112.0,360608.0,5175.72831151951,320463.5992579538,1408.0158351408027,87179.58037657218,6583.744146660312,407643.1796345261,1542989.1561837248,1301555.4502998418,-112799.3948232187,0.0,76800.0,0.0,30136.408773285628,14878.127739364692,748077.1712163542,10580.001947992636,517831.5557205516,0.0,82384.0,10580.001947992741,1575531.5834496787,14878.127739364692,1340804.4792537626,7651833.773931309,7539034.37910809
2031-06-30,4.00000000000007,2.0000000000000684,1.104080803200003,1.2166529024000023,0.0,0.0,0.0,0.0,2.0,0.0,0.0,2.0,0.0,0.0,0.0,0.0,1011584.9449002519,1072635.7093485612,30568.046100760577,1842503.5524293685,31230.0869569067,1906923.3921895137,8861.216134271199,526013.3094333867,9189.261507616955,557933.7418187993,3445.0,206700.0,2667.0,160020.0,6112.0,366720.0,5167.194270079656,325630.7935280335,1405.6942168560258,88585.2745934282,6572.8884869356825,414216.0681214618,1552526.4051886816,1315105.130477039,-112799.3948232187,0.0,76800.0,0.0,30136.408773285628,14902.659660484433,762979.8308768386,10597.446869677762,528429.0025902294,0.0,82384.0,10597.446869677762,1586129.0303193566,14902.659660484327,1355707.138914247,7651833.773931309,7539034.37910809
2031-07-31,4.00000000000007,2.0000000000000684,1.105904282410377,1.220635907407717,0.0,0.0,0.0,0.0,2.0,0.0,0.0,2.0,0.0,0.0,0.0,0.0,1027810.0583012636,1089407.0370409936,30567.12413640345,1873070.676565772,31214.002473998487,1938137.3946635122,8866.129472996632,534879.4389063832,9186.661723832247,567120.4035426315,3445.0,210145.0,2667.0,162687.0,6112.0,372832.0,5158.674300062976,330789.4678280965,1403.3764265903137,89988.65102001851,6562.0507266532895,420778.1188481151,1562065.402309453,1328657.0415253872,-112799.3948232187,0.0,76800.0,0.0,30136.408773285628,14927.232031260415,777907.062908099,10614.92055556297,539043.9231457923,0.0,82384.0,10614.92055556297,1596743.9508749195,14927.232031260626,1370634.3709455077,7651833.773931309,7539034.37910809
2031-08-31,4.00000000000007,2.0000000000000684,1.1077307732449195,1.2246319517373783,0.0,0.0,0.0,0.0,2.0,0.0,0.0,2.0,0.0,0.0,0.0,0.0,1044018.3810335866,1106145.5127162512,30566.26648667069,1903636.9430524425,31197.98410562679,1969335.378769139,8871.065825358457,543750.5047317417,9184.085845551657,576304.4893881832,3445.0,213590.0,2667.0,165354.0,6112.0,378944.0,5150.168378267688,335939.63620636414,1401.0624580318058,91389.71347805033,6551.230836299494,427329.34968441457,1571606.1734752718,1342211.2202828492,-112799.3948232187,0.0,76800.0,0.0,30136.408773285628,14951.844918388526,792858.9078264876,10632.42305307626,549676.3461988686,0.0,82384.0,10632.423053076154,1607376.3739279958,14951.84491838842,1385586.215863896,7651833.773931309,7539034.37910809
2031-09-30,4.00000000000007,2.0000000000000684,1.1095602806775724,1.2286410780763328,0.0,0.0,0.0,0.0,2.0,0.0,0.0,2.0,0.0,0.0,0.0,0.0,1060209.987250782,1122851.238769469,30565.473145533317,1934202.4161979759,31182.03180454007,2000517.410573679,8876.025202969478,552626.5299347112,9181.53386396187,585486.023252145,3445.0,217035.0,2667.0,168021.0,6112.0,385056.0,5141.67648153027,341081.3126878944,1398.75230487905,92788.46578292937,6540.42878640932,433869.7784708239,1581148.7446201243,1355767.703593452,-112799.3948232187,0.0,76800.0,0.0,30136.408773285628,14976.49838867438,807835.4062151619,10649.95440972398,560326.3006085926,0.0,82384.0,10649.95440972398,1618026.3283377197,14976.49838867438,1400562.7142525704,7651833.773931309,7539034.37910809
2031-10-31,4.00000000000007,2.0000000000000684,1.1113928096904928,1.232663329251675,0.0,0.0,0.0,0.0,2.0,0.0,0.0,2.0,0.0,0.0,0.0,0.0,1076384.9510077,1139524.3174092865,30564.744107131814,1964767.1603051077,31166.145523660907,2031683.5560973398,8881.007617502146,561507.5375522133,9179.005770311649,594665.0290224567,3445.0,220480.0,2667.0,170688.0,6112.0,391168.0,5133.198586725392,346214.5112746198,1396.445960840983,94184.91174377035,6529.644547566375,440399.42301839025,1590693.141682819,1369326.528307388,-112799.3948232187,0.0,76800.0,0.0,30136.408773285628,15001.192509033872,822836.5987241957,10667.51467309071,570993.8152816832,0.0,82384.0,10667.51467309071,1628693.8430108104,15001.192509033872,1415563.9067616044,7651833.773931309,7539034.37910809
2031-11-30,4.00000000000007,2.0000000000000684,1.1132283652740662,1.2366987482307041,0.0,0.0,0.0,0.0,2.0,0.0,0.0,2.0,0.0,0.0,0.0,0.0,1092543.3462607616,1156164.8506582794,30564.079365776153,1995331.2396708839,31150.325216085657,2062833.8813134255,8886.01308068895,570393.5506329022,9176.501555911953,603841.5305783687,3445.0,223925.0,2667.0,173355.0,6112.0,397280.0,5124.734670765853,351339.24594538566,1394.1434196369155,95579.05516340726,6518.878090402768,446918.301108793,1600239.3906070595,1382887.7312811157,-112799.3948232187,0.0,76800.0,0.0,30136.408773285628,15025.927346493203,837862.526070689,10685.103890839653,581678.9191725228,0.0,82384.0,10685.103890839653,1639378.9469016502,15025.9273464931,1430589.8341080975,7651833.773931309,7539034.37910809
2031-12-31,4.00000000000007,2.0000000000000684,1.11506695242692,1.2407473781213827,0.0,0.0,0.0,0.0,2.0,0.0,0.0,2.0,0.0,0.0,0.0,0.0,1108685.246868243,1172772.9403533929,30563.47891594455,2025894.7185868283,31134.570835084538,2093968.4521485101,8891.041604322047,579284.5922372242,9174.021212135918,613015.5517905046,3445.0,227370.0,2667.0,176022.0,6112.0,403392.0,5116.284710602521,356455.5306559882,1391.844674996514,96970.89983840377,6508.129385599035,453426.43049439206,1609787.5173415118,1396451.3493774584,-112799.3948232187,0.0,76800.0,0.0,30136.408773285628,15050.702968189185,852913.2290388781,10702.722110712368,592381.6412832352,0.0,82384.0,10702.722110712471,1650081.6690123626,15050.70296818929,1445640.5370762867,7651833.773931309,7539034.37910809
2032-01-31,4.00000000000007,2.0000000000000684,1.1169085761559376,1.2448092621727977,0.0,0.0,0.0,0.0,2.0,0.0,0.0,2.0,0.0,0.0,0.0,0.0,1124810.7265905566,1189348.6881463714,30562.942752285082,2056457.6613391135,31118.88233410135,2125087.3344826116,8896.093200253214,588180.6854374774,9171.56473041865,622187.1165209232,3445.0,230815.0,2667.0,178689.0,6112.0,409504.0,5107.84868322427,361563.3793392125,1389.5497206597838,98360.44955906355,6497.398403884054,459923.8288982761,1619337.5478398781,1410017.4194657058,-112799.3948232187,0.0,76800.0,0.0,30136.408773285628,15075.519441369115,867988.7484802472,10720.369380529144,603102.0106637643,0.0,82384.0,10720.369380529144,1660802.0383928916,15075.519441369011,1460716.0565176557,7651833.773931309,7539034.37910809
2032-02-29,4.00000000000007,2.0000000000000684,1.118753241476271,1.2488844437756226,0.0,0.0,0.0,0.0,2.0,0.0,0.0,2.0,0.0,0.0,0.0,0.0,1140919.8590905352,1205892.1955041918,30562.470869614463,2087020.132208728,31103.259666753474,2156190.594149365,8901.16788039442,597081.8533178718,9169.13210225741,631356.2486231807,3445.0,234260.0,2667.0,181356.0,6112.0,415616.0,5099.426565657914,366662.8059048704,1387.2585503770522,99747.7081094406,6486.685116034966,466410.5140143111,1628889.508060965,1423585.9784217137,-112799.3948232187,0.0,76800.0,0.0,30136.408773285628,15100.376833391367,883089.1253136386,10738.04574818945,613840.0564119538,0.0,82384.0,10738.045748189346,1671540.084141081,15100.37683339147,1475816.433351047,7651833.773931309,7539034.37910809
2032-03-31,4.00000000000007,2.0000000000000684,1.120600953411356,1.2529729664625802,0.0,0.0,0.0,0.0,2.0,0.0,0.0,2.0,0.0,0.0,0.0,0.0,1157012.7179337114,1222403.5637094902,30562.06326291858,2117582.1954716467,31087.702786831593,2187278.2969361967,8906.26565671734,605988.1189745892,9166.723319211294,640522.971942392,3445.0,237705.0,2667.0,184023.0,6112.0,421728.0,5091.018334968147,371753.8242398385,1384.971157908951,101132.67926734955,6475.989492877098,472886.5035071882,1638443.4239687554,1437157.0631280036,-112799.3948232187,0.0,76800.0,0.0,30136.408773285628,15125.275211725218,898214.4005253639,10755.751261671223,624595.807673625,0.0,82384.0,10755.751261671327,1682295.8354027523,15125.275211725115,1490941.7085627723,7651833.773931309,7539034.37910809
2032-04-30,4.00000000000007,2.0000000000000684,1.122451716992924,1.2570748739089086,0.0,0.0,0.0,0.0,2.0,0.0,0.0,2.0,0.0,0.0,0.0,0.0,1173089.376588601,1238882.8938609932,30561.71992735227,2148143.915398999,31072.211648299504,2218350.508584496,8911.38654125349,614899.5055158427,9164.338372901724,649687.3103152937,3445.0,241150.0,2667.0,186690.0,6112.0,427840.0,5082.623968257482,376836.44820809603,1382.6875370264002,102515.36680437595,6465.311505283882,479351.81501247204,1647999.3215324786,1450730.7104738648,-112799.3948232187,0.0,76800.0,0.0,30136.408773285628,15150.214643951413,913364.6151693152,10773.485969032123,635369.2936426571,0.0,82384.0,10773.485969032019,1693069.3213717842,15150.214643951516,1506091.9232067238,7651833.773931309,7539034.37910809
2032-05-31,4.00000000000007,2.0000000000000684,1.1243055372610178,1.261190209932827,0.0,0.0,0.0,0.0,2.0,0.0,0.0,2.0,0.0,0.0,0.0,0.0,1189149.908426982,1255330.2868739457,30561.44085823922,2178705.3562572384,31056.78620529439,2249407.2947897906,8916.530546094464,623816.0360619371,9161.977255011696,658849.2875703054,3445.0,244595.0,2667.0,189357.0,6112.0,433952.0,5074.243442666184,381910.6916507622,1380.4076815105902,103895.77448588655,6454.651124176774,485806.46613664884,1657557.22672668,1464306.9573554518,-112799.3948232187,0.0,76800.0,0.0,30136.408773285628,15175.19519776184,928539.8103670771,10791.249918408386,646160.5435610655,0.0,82384.0,10791.249918408386,1703860.5712901927,15175.195197761735,1521267.1184044855,7651833.773931309,7539034.37910809
2032-06-30,4.00000000000007,2.0000000000000684,1.1261624192640034,1.265319018496004,0.0,0.0,0.0,0.0,2.0,0.0,0.0,2.0,0.0,0.0,0.0,0.0,1205194.386724177,1271745.8434805376,30561.226051072317,2209266.5823083105,31041.42641212604,2280448.7212019167,8921.69768339174,632737.7337453288,9159.63995728638,668008.9275275918,3445.0,248040.0,2667.0,192024.0,6112.0,440064.0,5065.8767353722105,386976.56838613446,1378.131585152966,105273.90607103951,6444.008320525177,492250.474457174,1667117.1655312942,1477885.8406758877,-112799.3948232187,0.0,76800.0,0.0,30136.408773285628,15200.216940960261,943740.0273080374,10809.04315801616,656969.5867190816,0.0,82384.0,10809.043158016264,1714669.6144482088,15200.216940960363,1536467.335345446,7651833.773931309,7539034.37910809
2032-07-31,4.00000000000007,2.0000000000000684,1.128022368058585,1.2694613437040272,0.0,0.0,0.0,0.0,2.0,0.0,0.0,2.0,0.0,0.0,0.0,0.0,1221222.8846593322,1288129.6642303318,30561.075501513347,2239827.6578098238,31026.13222327728,2311474.853425194,8926.887965356695,641664.6217106855,9157.326471532966,677166.2539991247,3445.0,251485.0,2667.0,194691.0,6112.0,446176.0,5057.523823591151,392034.0922097256,1375.859241755209,106649.76531279473,6433.38306534636,498683.85752252035,1676679.1639317125,1491467.3973453622,-112799.3948232187,0.0,76800.0,0.0,30136.408773285628,15225.279941462071,958965.3072494995,10826.865736150736,667796.4524552324,0.0,82384.0,10826.865736150632,1725496.4801843595,15225.279941462071,1551692.6152869079,7651833.773931309,7539034.37910809
2032-08-31,4.00000000000007,2.0000000000000684,1.1298853887098184,1.2736172298068749,0.0,0.0,0.0,0.0,2.0,0.0,0.0,2.0,0.0,0.0,0.0,0.0,1237235.4753156975,1304481.8494906889,30560.989205392878,2270388.6470152168,31010.903593403407,2342485.7570185973,8932.101404260917,650596.7231149465,9155.036789620335,686321.290788745,3445.0,254930.0,2667.0,197358.0,6112.0,452288.0,5049.184684576164,397083.27689430176,1373.590645129221,108023.35595792395,6422.775329705385,505106.63285222574,1686243.2479188559,1505051.6642812327,-112799.3948232187,0.0,76800.0,0.0,30136.408773285628,15250.384267294767,974215.6915167943,10844.717701187334,678641.1701564197,0.0,82384.0,10844.717701187334,1736341.1978855468,15250.384267294767,1566942.9995542027,7651833.773931309,7539034.37910809
2032-09-30,4.00000000000007,2.0000000000000684,1.1317514862911244,1.2777867211993876,0.0,0.0,0.0,0.0,2.0,0.0,0.0,2.0,0.0,0.0,0.0,0.0,1253232.231680905,1320802.499447194,30560.96715871034,2300949.614173927,30995.740477332787,2373481.49749593,8937.338012436003,659534.0611273826,9152.770903479208,695474.0616922242,3445.0,258375.0,2667.0,200025.0,6112.0,458400.0,5040.85929561791,402124.13618991966,1371.3257890971072,109394.68174702107,6412.185084715017,511518.81793694076,1695809.4434892447,1518638.678408125,-112799.3948232187,0.0,76800.0,0.0,30136.408773285628,15275.52998659787,989491.2215033921,10862.599101580738,689503.7692580004,0.0,82384.0,10862.599101580841,1747203.7969871277,15275.529986597769,1582218.5295408005,7651833.773931309,7539034.37910809
2032-10-31,4.00000000000007,2.0000000000000684,1.1336206658843033,1.2819698624217435,0.0,0.0,0.0,0.0,2.0,0.0,0.0,2.0,0.0,0.0,0.0,0.0,1269213.2266472494,1337091.71410408,30561.009357634324,2331510.6235315613,30980.642830065663,2404462.1403259956,8942.597802273433,668476.658929656,9150.528805102313,704624.5904973266,3445.0,261820.0,2667.0,202692.0,6112.0,464512.0,5032.547634044498,407156.68382396415,1369.064667491159,110763.74641451222,6401.612301535657,517920.43023847643,1705377.776645069,1532228.476658034,-112799.3948232187,0.0,76800.0,0.0,30136.408773285628,15300.71716762348,1004791.9386710156,10880.509985865527,700384.279243866,0.0,82384.0,10880.509985865527,1758084.3069729933,15300.71716762348,1597519.246708424,7651833.773931309,7539034.37910809
2032-11-30,4.00000000000007,2.0000000000000684,1.1354929325795482,1.2861666981599336,0.0,0.0,0.0,0.0,2.0,0.0,0.0,2.0,0.0,0.0,0.0,0.0,1285178.5330119652,1353349.593284652,30561.115798501985,2362071.739330063,30965.61060677476,2435427.7509327703,8947.880786225083,677424.5397158811,9148.310486544022,713772.9009838706,3445.0,265265.0,2667.0,205359.0,6112.0,470624.0,5024.249677221421,412180.93350118556,1366.807274153838,112130.55368866606,6391.056951375259,524311.4871898517,1714948.2733942606,1545821.0959704225,-112799.3948232187,0.0,76800.0,0.0,30136.408773285628,15325.945878735942,1020117.8845497515,10898.450402656608,711282.7296465226,0.0,82384.0,10898.450402656505,1768982.7573756499,15325.945878735942,1612845.19258716,7651833.773931309,7539034.37910809
2032-12-31,4.00000000000007,2.0000000000000684,1.137368291475459,1.290377273246239,0.0,0.0,0.0,0.0,2.0,0.0,0.0,2.0,0.0,0.0,0.0,0.0,1301128.2234775054,1369576.2366317105,30561.28647781952,2392633.0258078827,30950.64376280506,2466378.3946955753,8953.18697680268,686377.7266926838,9146.115939920708,722919.0169237913,3445.0,268710.0,2667.0,208026.0,6112.0,476736.0,5015.965402551489,417196.898903737,1364.5536029377583,113495.10729160381,6380.519005489247,530692.006195341,1724520.959750562,1559416.5732923232,-112799.3948232187,0.0,76800.0,0.0,30136.408773285628,15351.216188412453,1035469.100738164,10916.420400648913,722199.1500471715,0.0,82384.0,10916.420400649014,1779899.177776299,15351.216188412453,1628196.4087755724,7651833.773931309,7539034.37910809
2033-01-31,4.00000000000007,2.0000000000000684,1.1392467476790569,1.2946016326597107,0.0,0.0,0.0,0.0,2.0,0.0,0.0,2.0,0.0,0.0,0.0,0.0,1317062.3706518188,1385771.7436079723,30561.52139226156,2423194.5472001443,30935.74225367338,2497314.1369492486,8958.516386578283,695336.2430792621,9143.945157410175,732062.9620812015,3445.0,272155.0,2667.0,210693.0,6112.0,482848.0,5007.694787474772,422204.5936912118,1362.3036477056698,114857.41093930948,6369.998435180441,537062.0046305214,1734095.8617335977,1573014.9455784378,-112799.3948232187,0.0,76800.0,0.0,30136.408773285628,15376.528165243328,1050845.6289034074,10934.420028617484,733133.570075789,0.0,82384.0,10934.420028617382,1790833.5978049163,15376.528165243328,1643572.9369408158,7651833.773931309,7539034.37910809
2033-02-28,4.00000000000007,2.0000000000000684,1.141128306305797,1.2988398215266486,0.0,0.0,0.0,0.0,2.0,0.0,0.0,2.0,0.0,0.0,0.0,0.0,1332981.0470486279,1401936.2134964932,30561.820538672026,2453756.3677388164,30920.906035068372,2528235.042984317,8963.869028184146,704300.1121074462,9141.7981312522,741204.7602124537,3445.0,275600.0,2667.0,213360.0,6112.0,488960.0,4999.437809468541,427204.0315006803,1360.0574023304425,116217.46834163992,6359.495211798983,543421.4998423203,1743673.0053689461,1586616.249791239,-112799.3948232187,0.0,76800.0,0.0,30136.408773285628,15401.881877931628,1066247.510781339,10952.449335418074,744086.0194112071,0.0,82384.0,10952.449335418074,1801786.0471403345,15401.881877931628,1658974.8188187473,7651833.773931309,7539034.37910809
2033-03-31,4.00000000000007,2.0000000000000684,1.1430129724795837,1.3030918851210844,0.0,0.0,0.0,0.0,2.0,0.0,0.0,2.0,0.0,0.0,0.0,0.0,1348884.3250877047,1418069.7454010888,30562.18391406308,2484318.5516528795,30906.13506285085,2559141.178047168,8969.244914312781,713269.3570217589,9139.674853748178,750344.4350662018,3445.0,279045.0,2667.0,216027.0,6112.0,495072.0,4991.1944460472005,432195.2259467275,1357.8148606950492,117575.28320233498,6349.0093067422495,549770.5091490626,1753252.416688209,1600220.5229010698,-112799.3948232187,0.0,76800.0,0.0,30136.408773285628,15427.277395294115,1081674.788176633,10970.508369986897,755056.527781194,0.0,82384.0,10970.508369987,1812756.5555103214,15427.277395294115,1674402.0962140413,7651833.773931309,7539034.37910809
2033-04-30,4.00000000000007,2.0000000000000684,1.1449007513327831,1.3073578688652658,0.0,0.0,0.0,0.0,2.0,0.0,0.0,2.0,0.0,0.0,0.0,0.0,1364772.2770951493,1434172.4382467547,30562.611515616365,2514881.163168496,30891.429293052992,2590032.6073402213,8974.644057716596,722244.0010794755,9137.575317261231,759482.0103834631,3445.0,282490.0,2667.0,218694.0,6112.0,501184.0,4982.964674762235,437178.1906214897,1355.5760166925484,118930.85921902752,6338.540691454783,556109.0498405173,1762834.1217290822,1613827.8018862444,-112799.3948232187,0.0,76800.0,0.0,30136.408773285628,15452.714786260332,1097127.5029628933,10988.597181340685,766045.1249625346,0.0,82384.0,10988.597181340685,1823745.152691662,15452.714786260332,1689854.8110003017,7651833.773931309,7539034.37910809
2033-05-31,4.00000000000007,2.0000000000000684,1.1467916480062388,1.311637818330141,0.0,0.0,0.0,0.0,2.0,0.0,0.0,2.0,0.0,0.0,0.0,0.0,1380644.9753036632,1450244.3907800838,30563.103340681708,2545444.2665091776,30876.788681878214,2620909.3960220995,8980.066471208851,731224.0675506843,9135.499514216148,768617.5098976792,3445.0,285935.0,2667.0,221361.0,6112.0,507296.0,4974.748473202138,442152.9390946918,1353.340864226068,120284.20008325359,6328.089337428206,562437.1391779456,1772418.146535427,1627438.1237331484,-112799.3948232187,0.0,76800.0,0.0,30136.408773285628,15478.194119874315,1112605.6970827677,11006.715818577228,777051.8407811119,0.0,82384.0,11006.715818577228,1834751.8685102393,15478.194119874315,1705333.0051201761,7651833.773931309,7539034.37910809
2033-06-30,4.00000000000007,2.0000000000000684,1.1486856676492843,1.315931779235845,0.0,0.0,0.0,0.0,2.0,0.0,0.0,2.0,0.0,0.0,0.0,0.0,1396502.4918528274,1466285.7015696883,30563.659386777523,2576007.925895955,30862.213185701992,2651771.6092078015,8985.512167662588,740209.5797183469,9133.447437099197,777750.9573347784,3445.0,289380.0,2667.0,224028.0,6112.0,513408.0,4966.545818992359,447119.4849136842,1351.1093972087892,121635.30948046237,6317.6552162011485,568754.7943941467,1782004.517157341,1641051.5254363397,-112799.3948232187,0.0,76800.0,0.0,30136.408773285628,15503.715465293246,1128109.412548061,11024.864330875196,788076.7051119871,0.0,82384.0,11024.864330875196,1845776.7328411145,15503.715465293246,1720836.7205854694,7651833.773931309,7539034.37910809
2033-07-31,4.00000000000007,2.0000000000000684,1.1505828154197575,1.3202397974521891,0.0,0.0,0.0,0.0,2.0,0.0,0.0,2.0,0.0,0.0,0.0,0.0,1412344.8987893767,1482296.469006614,30564.27965159136,2606572.2055475465,30847.70276107055,2682619.311968872,8990.981160011668,749200.5608783587,9131.419078458453,786882.3764132368,3445.0,292825.0,2667.0,226695.0,6112.0,519520.0,4958.356689795243,452077.84160347946,1348.8816095639295,122984.1910900263,6307.238299359173,575062.0326935059,1791593.2596512283,1654668.0439986493,-112799.3948232187,0.0,76800.0,0.0,30136.408773285628,15529.278891788923,1143638.69143985,11043.042767494262,799119.7478794813,0.0,82384.0,11043.04276749416,1856819.7756086087,15529.278891788923,1736365.9994772584,7651833.773931309,7539034.37910809
2033-08-31,4.00000000000007,2.0000000000000684,1.1524830964840156,1.3245619189991507,0.0,0.0,0.0,0.0,2.0,0.0,0.0,2.0,0.0,0.0,0.0,0.0,1428172.2680674742,1498276.7913047594,30564.964132979592,2637137.169680526,30833.257364701163,2713452.569333573,8996.47346124988,758197.0343396085,9129.414430903393,796011.7908441402,3445.0,296270.0,2667.0,229362.0,6112.0,525632.0,4950.18106330996,457028.0226667894,1346.6574952247254,124330.84858525103,6296.838558534686,581358.8712520406,1801184.4000798706,1668287.7164312806,-112799.3948232187,0.0,76800.0,0.0,30136.408773285628,15554.884468746766,1159193.5759085969,11061.251177775379,810180.9990572566,0.0,82384.0,11061.251177775379,1867881.0267863842,15554.884468746766,1751920.8839460053,7651833.773931309,7539034.37910809
2033-09-30,4.00000000000007,2.0000000000000684,1.1543865160169478,1.328898190047364,0.0,0.0,0.0,0.0,2.0,0.0,0.0,2.0,0.0,0.0,0.0,0.0,1443984.671548987,1514226.7665012917,30565.712828966374,2667702.8825094923,30818.876953482526,2744271.4462870555,9001.989084431674,767199.0234240402,9127.43348710512,805139.2243312453,3445.0,299715.0,2667.0,232029.0,6112.0,531744.0,4942.018917272457,461970.04158406187,1344.4370481344179,125675.28563338546,6286.455965406874,587645.3272174475,1810777.9645124984,1681910.5797539116,-112799.3948232187,0.0,76800.0,0.0,30136.408773285628,15580.532265666856,1174774.1081742637,11079.48961114099,821260.4886683977,0.0,82384.0,11079.48961114109,1878960.5163975253,15580.532265666856,1767501.4162116721,7651833.773931309,7539034.37910809
2033-10-31,4.00000000000007,2.0000000000000684,1.15629307920199,1.3332486569186142,0.0,0.0,0.0,0.0,2.0,0.0,0.0,2.0,0.0,0.0,0.0,0.0,1459782.1810037596,1530146.4924570622,30566.52573774571,2698269.408247238,30804.56148447381,2775076.0077715293,9007.52804267196,776206.5514667121,9125.476239796264,814264.7005710416,3445.0,303160.0,2667.0,234696.0,6112.0,537856.0,4933.870229455388,466903.9118135173,1342.2202622462335,127017.5058956317,6276.090491701621,593921.4177091491,1820373.979024861,1695536.670994795,-112799.3948232187,0.0,76800.0,0.0,30136.408773285628,15606.222352164317,1190380.330526428,11097.758117094678,832358.2467854923,0.0,82384.0,11097.758117094578,1890058.27451462,15606.222352164317,1783107.6385638365,7651833.773931309,7539034.37910809
2033-11-30,4.00000000000007,2.0000000000000684,1.15820279123114,1.3376133660863319,0.0,0.0,0.0,0.0,2.0,0.0,0.0,2.0,0.0,0.0,0.0,0.0,1475564.8681098872,1546036.0668570201,30567.40285767916,2728836.811104917,30790.31091490497,2805866.318686434,9013.090349145907,785219.6418158581,9123.54268177097,823388.2432528125,3445.0,306605.0,2667.0,237363.0,6112.0,543968.0,4925.734977668057,471829.6467911853,1340.0071315233697,128357.51302715506,6265.742109191427,600187.1598183404,1829972.4696992985,1709166.0271908583,-112799.3948232187,0.0,76800.0,0.0,30136.408773285628,15631.95479796848,1206012.2853243966,11116.05674522203,843474.3035307144,0.0,82384.0,11116.05674522203,1901174.331259842,15631.95479796848,1798739.593361805,7651833.773931309,7539034.37910809
2033-12-31,4.00000000000007,2.0000000000000684,1.1601156573049691,1.3419923641760896,0.0,0.0,0.0,0.0,2.0,0.0,0.0,2.0,0.0,0.0,0.0,0.0,1491332.8044539902,1561895.587210629,30568.344187297913,2759405.155292215,30776.125202176878,2836642.443888611,9018.676017089345,794238.3178329475,9121.632805884714,832509.8760586972,3445.0,310050.0,2667.0,240030.0,6112.0,550080.0,4917.613139756358,476747.2599309417,1337.7976499389777,129695.31067709404,6255.410789695336,606442.5706080358,1839573.462624812,1722798.6853878046,-112799.3948232187,0.0,76800.0,0.0,30136.408773285628,15657.729672923846,1221670.0149973205,11134.385545190184,854608.6890759045,0.0,82384.0,11134.385545190184,1912308.7168050322,15657.729672923846,1814397.3230347289,7651833.773931309,7539034.37910809
2034-01-31,4.00000000000007,2.0000000000000684,1.162031682632639,1.3463856979661,0.0,0.0,0.0,0.0,2.0,0.0,0.0,2.0,0.0,0.0,0.0,0.0,1507086.0615314862,1577725.1508522776,30569.349725300628,2789974.5050175153,30762.00430386053,2867404.4481924716,9024.285059798554,803262.602892746,9119.746605054777,841629.6226637521,3445.0,313495.0,2667.0,242697.0,6112.0,556192.0,4909.504693602714,481656.7646245444,1335.591811476146,131030.90248857018,6245.09650507886,612687.6671131146,1849176.9838971342,1736434.6826402145,-112799.3948232187,0.0,76800.0,0.0,30136.408773285628,15683.547046989825,1237353.5620443104,11152.744566748352,865761.4336426529,0.0,82384.0,11152.744566748352,1923461.4613717806,15683.547046989825,1830080.8700817188,7651833.773931309,7539034.37910809
2034-02-28,4.00000000000007,2.0000000000000684,1.1639508724319139,1.3507934143877152,0.0,0.0,0.0,0.0,2.0,0.0,0.0,2.0,0.0,0.0,0.0,0.0,1522824.7107468636,1593524.854941695,30570.4194705557,2820544.924488071,30747.94817769757,2898152.3963701692,9029.917490630434,812292.5203833764,9117.884072259436,850747.5067360115,3445.0,316940.0,2667.0,245364.0,6112.0,562304.0,4901.409617126017,486558.1742416704,1333.389610127884,132364.29209869806,6234.799227253901,618922.4663403685,1858783.0596188013,1750074.0560116444,-112799.3948232187,0.0,76800.0,0.0,30136.408773285628,15709.406990241641,1253062.969034552,11171.133859727433,876932.5675023803,0.0,82384.0,11171.133859727433,1934632.5952315081,15709.406990241641,1845790.2770719605,7651833.773931309,7539034.37910809
2034-03-31,4.00000000000007,2.0000000000000684,1.1658732319291762,1.3552155605259286,0.0,0.0,0.0,0.0,2.0,0.0,0.0,2.0,0.0,0.0,0.0,0.0,1538548.8234139525,1609294.7964643596,30571.55342209946,2851116.4779101703,30733.95678159954,2928886.353151769,9035.573323002387,821328.0937063788,9116.045200538654,859863.5519365502,3445.0,320385.0,2667.0,248031.0,6112.0,568416.0,4893.327888281566,491451.50212995196,1331.191039897106,133695.48313859515,6224.518928178672,625146.9852685472,1868391.7158992232,1763716.84257473,-112799.3948232187,0.0,76800.0,0.0,30136.408773285628,15735.30957286983,1268798.278607422,11189.553474040824,888122.1209764212,0.0,82384.0,11189.553474040922,1945822.148705549,15735.30957286983,1861525.5866448304,7651833.773931309,7539034.37910809
2034-04-30,4.00000000000007,2.0000000000000684,1.1677987663594398,1.3596521836198774,0.0,0.0,0.0,0.0,2.0,0.0,0.0,2.0,0.0,0.0,0.0,0.0,1554258.4707561978,1625035.0722319132,30572.75157913704,2881689.2294893074,30720.030073648333,2959606.383225417,9041.252570392582,830369.3462767714,9114.229982993651,868977.7819195439,3445.0,323830.0,2667.0,250698.0,6112.0,574528.0,4885.25948506101,496336.76161501295,1328.996094796615,135024.47923339176,6214.255579857625,631361.2408484048,1878002.9788547542,1777363.0794112855,-112799.3948232187,0.0,76800.0,0.0,30136.408773285628,15761.254865180717,1284559.5334726027,11208.003459683992,899330.1244361051,0.0,82384.0,11208.003459683894,1957030.152165233,15761.254865180717,1877286.841510011,7651833.773931309,7539034.37910809
2034-05-31,4.00000000000007,2.0000000000000684,1.1697274809663645,1.3641033310633475,0.0,0.0,0.0,0.0,2.0,0.0,0.0,2.0,0.0,0.0,0.0,0.0,1569953.7239069298,1640745.7788825696,30574.013941041914,2912263.2434303495,30706.168012096037,2990312.5512375133,9046.95524633961,839416.3015231111,9112.438412787178,878090.220332331,3445.0,327275.0,2667.0,253365.0,6112.0,580640.0,4877.204385492289,501213.96600050526,1326.8047688490853,136351.28400224083,6204.009154341374,637565.2500027462,1887616.8746087654,1791012.803612404,-112799.3948232187,0.0,76800.0,0.0,30136.408773285628,15787.242937596275,1300346.776410199,11226.483866735163,910556.6083028403,0.0,82384.0,11226.483866735163,1968256.636031968,15787.242937596275,1893074.0844476074,7651833.773931309,7539034.37910809
2034-06-30,4.00000000000007,2.0000000000000684,1.1716593810022708,1.3685690504052797,0.0,0.0,0.0,0.0,2.0,0.0,0.0,2.0,0.0,0.0,0.0,0.0,1585634.6539096353,1656427.012881525,30575.340507356326,2942838.583937706,30692.370555363967,3021004.9217928774,9052.681364442942,848468.982887554,9110.67048314309,887200.8908154741,3445.0,330720.0,2667.0,256032.0,6112.0,586752.0,4869.162567639564,506083.1285681448,1324.617056087047,137675.90105832787,6193.779623726611,643759.0296264729,1897233.4292917137,1804666.0522785597,-112799.3948232187,0.0,76800.0,0.0,30136.408773285628,15813.27386065514,1316160.050270854,11244.994745354765,921801.603048195,0.0,82384.0,11244.994745354863,1979501.630777323,15813.27386065514,1908887.3583082624,7651833.773931309,7539034.37910809
2034-07-31,4.00000000000007,2.0000000000000684,1.1735944717281537,1.3730493893502775,0.0,0.0,0.0,0.0,2.0,0.0,0.0,2.0,0.0,0.0,0.0,0.0,1601301.3317182285,1672078.8705213668,30576.73127779086,2973415.315215497,30678.63766204391,3051683.559454921,9058.430938362666,857527.4138259166,9108.926187346615,896309.8170028207,3445.0,334165.0,2667.0,258699.0,6112.0,592864.0,4861.134009603175,510944.262577748,1322.4329505528708,138998.33400888075,6183.566960156046,649942.5965866289,1906852.6690412145,1818322.8625197075,-112799.3948232187,0.0,76800.0,0.0,30136.408773285628,15839.347705011656,1331999.3979758658,11263.536145786078,933065.1391939811,0.0,82384.0,11263.536145785978,1990765.166923109,15839.347705011656,1924726.7060132741,7651833.773931309,7539034.37910809
2034-08-31,4.00000000000007,2.0000000000000684,1.1755327584136968,1.3775443957591176,0.0,0.0,0.0,0.0,2.0,0.0,0.0,2.0,0.0,0.0,0.0,0.0,1616953.828197322,1687701.4479224826,30578.18625222497,3003993.501467722,30664.96929089654,3082348.5287458175,9064.203981819732,866591.6178077363,9107.205518744304,905417.022521565,3445.0,337610.0,2667.0,261366.0,6112.0,598976.0,4853.118689519565,515797.38126726757,1320.2524462987494,140318.5864551795,6173.3711358183145,656115.9677224472,1916474.6200021128,1831983.271455385,-112799.3948232187,0.0,76800.0,0.0,30136.408773285628,15865.464541437248,1347864.862517303,11282.108118355369,944347.2473123365,0.0,82384.0,11282.108118355469,2002047.2750414645,15865.464541437248,1940592.1705547115,7651833.773931309,7539034.37910809
2034-09-30,4.00000000000007,2.0000000000000684,1.1774742463372876,1.3820541176492593,0.0,0.0,0.0,0.0,2.0,0.0,0.0,2.0,0.0,0.0,0.0,0.0,1632592.2141224947,1703294.841033466,30579.705430706148,3034573.206898428,30651.36540085281,3112999.89414667,9070.000508595676,875661.618316332,9105.508470744095,914522.5309923091,3445.0,341055.0,2667.0,264033.0,6112.0,605088.0,4845.116585561229,520642.4978528288,1318.075537386683,141636.66199256617,6163.192122947912,662279.1598453951,1926099.3083265517,1845647.316214812,-112799.3948232187,0.0,76800.0,0.0,30136.408773285628,15891.624440819402,1363756.4869581226,11300.7107134716,955647.9580258081,0.0,82384.0,11300.7107134716,2013347.985754936,15891.624440819402,1956483.794995531,7651833.773931309,7539034.37910809
2034-10-31,4.00000000000007,2.0000000000000684,1.179418940786031,1.3865786031953595,0.0,0.0,0.0,0.0,2.0,0.0,0.0,2.0,0.0,0.0,0.0,0.0,1648216.5601805637,1718859.1456315254,30581.28881345085,3065154.495711879,30637.825951012383,3143637.7200976824,9075.820532533044,884737.438848865,9103.835036814964,923626.366029124,3445.0,344500.0,2667.0,266700.0,6112.0,611200.0,4837.127675936651,525479.6255287655,1315.9022178884632,142952.56421045464,6153.029893825114,668432.1897392202,1935726.7601740467,1859315.0339369928,-112799.3948232187,0.0,76800.0,0.0,30136.408773285628,15917.82747416322,1379674.3144322857,11319.343981627133,966967.3020074352,0.0,82384.0,11319.343981626836,2024667.329736563,15917.827474163023,1972401.622469694,7651833.773931309,7539034.37910809
2034-11-30,4.00000000000007,2.0000000000000684,1.1813668470557637,1.391117900729786,0.0,0.0,0.0,0.0,0.0,1.0,0.0,0.0,0.0,0.0,0.0,0.0,1663826.9369698518,1734394.4573228902,30582.9364008438,3095737.4321127227,30624.350900644604,3174262.070998327,9081.664067535012,893819.1029164,9102.18521048708,932728.5512396111,3445.0,347945.0,2667.0,269367.0,6112.0,617312.0,4829.151938890248,530308.7774676557,1313.7324818856555,144266.2966923403,6142.884420775903,674575.0741599961,1943585.4379657125,1868852.813030515,-112799.3948232187,0.0,76800.0,0.0,30136.408773285628,11810.424972288894,1391484.7394045747,9566.444227553942,976533.7462349891,0.0,82384.0,9566.444227553942,2034233.7739641168,11810.424972288894,1984212.047441983,7651833.773931309,7539034.37910809
2034-12-31,4.00000000000007,2.0000000000000684,1.1833179704510695,1.3956720587431342,0.0,0.0,0.0,0.0,0.0,1.0,0.0,0.0,0.0,0.0,0.0,0.0,1679429.2050763874,1749914.3817203844,30590.438269368584,3126327.870382091,30624.450386358465,3204886.5213846853,9090.400146301808,902909.5030627018,9107.253362402684,941835.8046020138,3445.0,351390.0,2667.0,272034.0,6112.0,623424.0,4821.189352702308,535129.9668203581,1311.5663234695849,145577.86301580988,6132.755676171892,680707.829836168,1951446.9316218626,1878394.3393945545,-112799.3948232187,0.0,76800.0,0.0,30136.408773285628,11829.898686917826,1403314.6380914925,9582.217936403576,986115.9641713927,0.0,82384.0,9582.217936403576,2043815.9919005204,11829.898686918219,1996041.946128901,7651833.773931309,7539034.37910809
2035-01-31,4.00000000000007,2.0000000000000684,1.1852723162852927,1.400241125884745,0.0,0.0,0.0,0.0,0.0,1.0,0.0,0.0,0.0,0.0,0.0,0.0,1695023.4253752984,1765418.9918131276,30598.004343816585,3156925.8747259076,30624.614190590422,3235511.135575276,9099.15976412263,912008.6628268245,9112.345109163698,950948.1497111775,3445.0,354835.0,2667.0,274701.0,6112.0,629536.0,4813.239895688931,539943.206716047,1309.4037367413182,146887.2667525512,6122.643632430249,686830.4734685982,1959311.2625081434,1887939.6389597857,-112799.3948232187,0.0,76800.0,0.0,30136.408773285628,11849.40451093853,1415164.042602431,9598.01765386025,995713.981825253,0.0,82384.0,9598.017653860643,2053414.009554381,11849.404510938333,2007891.3506398394,7651833.773931309,7539034.37910809
2035-02-28,4.00000000000007,2.0000000000000684,1.1872298898805531,1.4048251509632248,0.0,0.0,0.0,0.0,0.0,1.0,0.0,0.0,0.0,0.0,0.0,0.0,1710609.6586855075,1780908.3604939352,30605.634640819495,3187531.509366727,30624.84230984708,3266135.977885123,9107.942942883386,921116.6057697078,9117.460462684103,960065.6101738615,3445.0,358280.0,2667.0,277368.0,6112.0,635648.0,4805.303546201973,544748.510262249,1307.24471581165,148194.51146836285,6112.548262013624,692943.0217306118,1967178.451997857,1897488.7376670714,-112799.3948232187,0.0,76800.0,0.0,30136.408773285628,11868.94249729488,1427032.985099726,9613.843422808752,1005327.8252480618,0.0,82384.0,9613.843422808555,2063027.8529771895,11868.94249729488,2019760.2931371343,7651833.773931309,7539034.37910809
2035-03-31,4.00000000000007,2.0000000000000684,1.1891906965677606,1.4094241829469667,0.0,0.0,0.0,0.0,0.0,1.0,0.0,0.0,0.0,0.0,0.0,0.0,1726187.965769948,1796382.5605596,30613.32917717808,3218144.838543905,30625.134740804497,3296761.112625927,9116.749704531388,930233.3554742392,9122.59943493917,969188.2096088007,3445.0,361725.0,2667.0,280035.0,6112.0,641760.0,4797.380282628983,549545.890544878,1305.0892548010834,149499.60072316392,6102.469537430066,699045.4912680419,1975048.5214720191,1907041.6614675315,-112799.3948232187,0.0,76800.0,0.0,30136.408773285628,11888.512699017658,1438921.4977987437,9629.695286204276,1014957.520534266,0.0,82384.0,9629.69528620447,2072657.548263394,11888.512699017658,2031648.805836152,7651833.773931309,7539034.37910809
2035-04-30,4.00000000000007,2.0000000000000684,1.1911547416866293,1.4140382709646735,0.0,0.0,0.0,0.0,0.0,1.0,0.0,0.0,0.0,0.0,0.0,0.0,1741758.4073357787,1811841.6647111732,30621.08796986074,3248765.9265137655,30625.491480306577,3327386.604106234,9125.580071074617,939358.9355453139,9127.762037965033,978315.9716467657,3445.0,365170.0,2667.0,282702.0,6112.0,647872.0,4789.470083393145,554335.3606282711,1302.937347839818,150802.53807100374,6092.407431232963,705137.8986992749,1982921.4923194172,1916598.4363226155,-112799.3948232187,0.0,76800.0,0.0,30136.408773285628,11908.11516922577,1450829.6129679694,9645.57328707293,1024603.093821339,0.0,82384.0,9645.57328707293,2082303.1215504669,11908.115169225966,2043556.921005378,7651833.773931309,7539034.37910809
2035-05-31,4.00000000000007,2.0000000000000684,1.1931220305856924,1.4186674643058823,0.0,0.0,0.0,0.0,0.0,1.0,0.0,0.0,0.0,0.0,0.0,0.0,1757321.0440346003,1827285.7455542479,30628.911036004916,3279394.8375497703,30625.91252536651,3358012.5166316004,9134.43406458236,948493.3696098962,9132.948283859334,987448.919930625,3445.0,368615.0,2667.0,285369.0,6112.0,653984.0,4781.572926953221,559116.9335552243,1300.78898906773,152103.32706007146,6082.361916020951,711220.2606152958,1990797.3859366681,1926159.0882041724,-112799.3948232187,0.0,76800.0,0.0,30136.408773285628,11927.749961125091,1462757.3629290946,9661.477468511428,1034264.5712898504,0.0,82384.0,9661.477468511233,2091964.5990189782,11927.749961124897,2055484.670966503,7651833.773931309,7539034.37910809
2035-06-30,4.00000000000007,2.0000000000000684,1.1950925686223168,1.4233118124214916,0.0,0.0,0.0,0.0,0.0,1.0,0.0,0.0,0.0,0.0,0.0,0.0,1772875.9364626692,1842714.8755992379,30636.798392916775,3310031.635942687,30626.397873165726,3388638.914504766,9143.311707184943,957636.6813170812,9138.158184780783,996587.0781154057,3445.0,372060.0,2667.0,288036.0,6112.0,660096.0,4773.688791803493,563890.6223470279,1298.6441726343594,153401.9712327058,6072.332964437852,717292.5935797337,1998676.2237282775,1935723.643094521,-112799.3948232187,0.0,76800.0,0.0,30136.408773285628,11947.417128009836,1474704.7800571043,9677.40787368794,1043941.9791635383,0.0,82384.0,9677.407873687745,2101642.0068926658,11947.417128009836,2067432.0880945127,7651833.773931309,7539034.37910809
2035-07-31,4.00000000000007,2.0000000000000684,1.1970663611627173,1.4279713649242896,0.0,0.0,0.0,0.0,0.0,0.0,0.0,0.0,0.0,0.0,0.0,0.0,1788423.1451611128,1858129.1272616598,30644.75005807041,3340676.386000757,30626.94752105526,3419265.862025821,9152.213021073958,966788.8943381552,9143.391752949008,1005730.4698683547,3445.0,375505.0,2667.0,290703.0,6112.0,666208.0,4765.8176564737,568656.4400035016,1296.5028926988923,154698.4741254047,6062.320549172592,723354.9141289063,1998676.2237282775,1935723.643094521,-112799.3948232187,0.0,76800.0,0.0,30136.408773285628,0.0,1474704.7800571043,0.0,1043941.9791635383,0.0,82384.0,0.0,2101642.0068926658,0.0,2067432.0880945127,7651833.773931309,7539034.37910809
