date,apy_roi,apy_cpi,earn_lc,earn_cc,earn_norm_lc,earn_norm_cc,mo_earn_lc_norm,cum_mo_earn_lc_norm,mo_earn_cc_norm,cum_mo_earn_cc_norm,mo_earn_ss_man_norm,cum_mo_earn_ss_man_norm,mo_earn_ss_woman_norm,cum_mo_earn_ss_woman_norm,mo_earn_pen_man_norm,cum_mo_earn_pen_man_norm,mo_earn_pen_woman_norm,cum_mo_earn_pen_woman_norm,exp_total_lc,exp_total_cc,exp_norm_total_lc,exp_norm_total_cc,worth_lc,worth_cc,worth_norm_lc,worth_norm_cc,added_lc_worth_norm,exp_al_cc,exp_cc,exp_lc,exp_non_taylor
2026-07-31,-0.3069152425758448,3.2604817502947636,-1613.5760924762956,-1613.5760924762956,-1609.2676150995505,-1609.2676150995505,11740.35516403753,11740.35516403753,11740.35516403753,11740.35516403753,3445.0,3445.0,2667.0,2667.0,5689.766839599979,5689.766839599979,1547.8559395371021,1547.8559395371021,919276.2871066314,494397.7739596372,919224.8166818441,494362.0,5379110.136800893,5803988.649947886,5364747.148628541,5788491.175791084,-602431,0.0,3760.0398404909142,9638.552987485113,9637.734119146311
2026-08-31,22.535768267624,-2.7170613628206053,90263.20559412277,97520.25544120943,90229.07752202314,97483.38351441528,105208.299693503,116948.65485754053,112462.60568589513,124202.96084993266,3445.0,6890.0,2667.0,5334.0,5702.842967684929,11392.609807284909,1551.4131964674864,3099.2691360045883,938497.3251598165,507764.8279767226,938482.7695113654,507754.70832749334,5467467.389530083,5898199.886713178,5465400.167121527,5895969.806475423,-602431,0.0,7511.458233251744,19243.955416345663,19253.369743470874
2026-09-30,73.06388735764477,6.376343318635236,345967.0411820941,373368.6925046307,344059.3809504547,371309.93972865347,267622.8710861048,384571.5259436453,287656.39534742007,411859.35619735275,3445.0,10335.0,2667.0,8001.0,5673.542663531424,17066.152470816334,1543.442281121958,4642.711417126547,957842.4308210537,521200.91447872337,957523.4879974782,520979.2468725706,5747717.989062105,6184359.505404436,5716025.105852919,6150258.98344052,-602431,0.0,11282.25035886938,28923.766701199704,28918.664119853995
2026-10-31,-12.92909821313839,3.2584011690489634,280035.0424165148,302427.9845485053,277747.78685614513,299957.8290876001,-52083.75618213985,332487.7697615054,-57051.55549995192,354807.8006974008,3445.0,13780.0,2667.0,10668.0,5658.402999641378,22724.55547045771,1539.3236556430184,6182.035072769565,977252.2460730248,534672.9506707075,976621.2692214964,534234.5635538537,5651388.776900338,6093968.072302654,5605229.659483347,6044194.078884509,-602431,0.0,15063.131643103801,38642.42704542113,38609.81902760366
2026-11-30,74.55397702286612,5.691063394095175,548568.4373129824,591991.1343241718,541584.0352810605,584453.8722430607,278391.0171658519,610878.7869273573,299153.02010615234,653960.8208035531,3445.0,17225.0,2667.0,13335.0,5632.363641650092,28356.919112107804,1532.239854836274,7714.2749276058385,996774.2616384074,548207.2703364858,995542.1266782995,547351.5838558759,5946835.620799145,6395402.612101067,5871120.198678135,6313976.011588445,-602431,0.0,18861.49257310447,48428.48387502594,48345.777763381375
2026-12-31,24.102388495672812,3.84163587426698,656548.759578383,708116.361101309,646156.5176323158,696907.8766693848,119525.27779539349,730404.0647227508,127541.25994290545,781502.0807464586,3445.0,20670.0,2667.0,16002.0,5614.697886962142,33971.61699906994,1527.4340263918043,9241.708953997642,1016373.0952599583,561784.1735883979,1014531.0731034762,560505.4739258125,6053316.147798979,6507905.069470539,5957500.680834484,6404894.100281585,-602431,0.0,22671.80444218621,58260.72611374658,58112.369146211684
2027-01-31,147.8209735071896,3.8851352201340505,1132105.2201504004,1219385.9239344702,1110652.2130641504,1196278.9773349622,479776.3104695099,1210180.3751922608,514812.66164582205,1296314.7423922806,3445.0,24115.0,2667.0,18669.0,5596.892199374545,39568.50919844449,1522.5901303118833,10764.299084309525,1036049.919596676,575404.2697568606,1033471.8201080053,573615.3411025107,6589043.388223628,7049689.038063442,6464183.267465249,6916099.839641283,-602431,0.0,26494.238256864784,68139.88809668022,67910.0314999958
2027-02-28,-63.216052756468045,1.4597315509280895,605219.509870601,655665.1837265125,593034.1965777178,642464.2119325735,-503054.6572106742,707125.7179815867,-539148.0613774235,757166.6810148571,3445.0,27560.0,2667.0,21336.0,5590.1371920400225,45158.64639048451,1520.7524841448053,12285.05156845433,1055756.4898936143,589040.8241706855,1052620.5341026993,586865.5616924111,5959604.499177493,6426320.164900422,5839615.558405111,6296934.506882843,-602431,0.0,30321.29102230733,78036.95674523614,77719.53314837815
2027-03-31,23.59532133327957,1.2884514637071742,711361.7756216361,770119.7893699299,696296.183999086,753809.789810349,117109.63680968637,824235.3547912731,125245.93362168674,882412.6146365439,3445.0,31005.0,2667.0,24003.0,5584.176527117247,50742.822917601756,1519.1309325304062,13804.182500984736,1075489.3775565187,602691.9345232719,1071772.7717632826,600114.6791068087,6064817.203213535,6537614.646246782,5936373.3334692195,6399157.625049816,-602431,0.0,34152.42886261558,87949.87189586229,87539.50566065626
2027-04-30,-48.13966485728754,0.4931171057654282,388422.9887810286,422005.5310256479,380040.9449166045,412898.7866406478,-302757.47484846256,521477.87994281057,-327389.6677292276,555022.9469073163,3445.0,34450.0,2667.0,26670.0,5581.887924691045,56324.7108422928,1518.5083363927258,15322.690837377462,1095232.3879764858,616348.6419005019,1091019.3354872116,613427.86149829,5664867.853904724,6143751.599980708,5542621.817472612,6011171.405474776,-602431,0.0,37985.13748891502,97868.88356489867,97363.50441158697
2027-05-31,32.3963427478555,-0.17435849129406877,522461.7606260397,567375.3684552372,511261.5480274793,555212.325666669,144378.7603398523,665856.6402826628,155466.91753748286,710489.8644447993,3445.0,37895.0,2667.0,29337.0,5582.699732898687,61907.41057519149,1518.7291823766454,16841.420019754107,1114971.8062803792,630003.36338781,1110363.3734447362,626809.121294677,5805081.952141617,6290050.395034187,5680636.189951971,6155208.178839024,-602431,0.0,41817.28878194037,107785.73167450953,107186.07460586955
2027-06-30,137.0845129978864,0.46968513880532026,955450.4329194587,1036536.801774845,934603.054029517,1013920.1649557687,436751.7649446579,1102608.4052273207,472135.2571311183,1182625.1215759176,3445.0,41340.0,2667.0,32004.0,5580.520181404174,67487.93075659567,1518.1362526799787,18359.556272434085,1134720.8706777324,643663.4179207224,1129599.3962863882,640114.1957025018,6301484.927243521,6792542.380000531,6163990.150621681,6644333.012206153,-602431,0.0,45650.936776134506,117708.38953314438,117012.48114458796
2027-07-31,12.34384006344509,4.089941988275969,1016869.0604904615,1102741.6146902665,991364.4412177383,1075083.1814350567,73065.13860701669,1175673.5438343375,77731.27915931716,1260356.4007352348,3445.0,44785.0,2667.0,34671.0,5561.909941894874,73049.84069849055,1513.0734846311732,19872.629757065257,1154552.6164458706,657369.1792143023,1148168.0505075618,652945.5725356471,6354131.582950134,6851315.020181702,6194760.319600098,6679473.641683135,-602431,0.0,49497.41221775437,127680.84944932256,126871.766996548
2027-08-31,-55.301840979404595,3.8242106428240774,604477.8855629826,658082.6059671245,587476.5030003989,639573.5514441307,-387627.47999880696,788046.0638355305,-418987.7573727576,841368.6433624772,3445.0,48230.0,2667.0,37338.0,5544.542703155788,78594.38340164634,1508.348865082872,21380.97862214813,1174462.0998620952,671117.8712311592,1166742.6526000341,665770.6670769914,5846898.999795605,6350243.228426541,5682450.689816933,6171637.993941601,-602431,0.0,53355.9360213177,137700.16465225368,136761.93520984153
2027-09-30,14.665904689001108,3.176849164972384,671539.805545112,730917.7110829622,650953.5344719528,708511.1910103168,78152.64932716107,866198.7131626916,83748.85559359059,925117.4989560677,3445.0,51675.0,2667.0,40005.0,5530.11137016362,84124.49477180996,1504.4229354064748,22885.401557554604,1194436.6120630647,684902.4417212368,1185410.561991658,678651.7460765534,5907457.083804583,6416991.254146412,5726362.066240377,6220276.300928235,-602431,0.0,57224.52899675483,147758.69933858266,146677.91272448198
2027-10-31,52.99876244573192,3.9252423665673053,884643.7845656165,962402.4853604378,854777.8090264942,929911.340802542,219033.492388679,1085232.2055513705,236793.7436582146,1161911.2426142823,3445.0,55120.0,2667.0,42672.0,5512.396611581512,89636.89138339147,1499.6037758412806,24385.005333395886,1214491.4769580574,698731.3106091976,1203874.1020078633,691380.602776046,6143593.975142432,6659354.141491292,5936183.455128437,6434531.324255548,-602431,0.0,61105.55416737696,157865.72051623662,156625.75644182065
2027-11-30,156.2654221376016,7.824428881024836,1385820.631347107,1505653.5731988866,1330654.7861234157,1445717.4962631236,494306.4433092178,1579538.6488605882,534705.820377612,1696617.0629918943,3445.0,58565.0,2667.0,45339.0,5477.899075188951,95114.79045858042,1490.2189946876867,25875.224328083572,1234704.4639880366,712647.26797783,1221380.7666506013,703426.0043866436,6723632.580283628,7245689.776293835,6455982.593066781,6957258.0761903655,-602431,0.0,65011.02042485124,168068.21643505796,166636.24755297872
2027-12-31,126.41657997011593,2.0748942889188493,1859654.6553433416,2016278.4924422961,1782573.4531224193,1932705.3570953212,467262.1847652658,2046800.833625854,502528.1267485173,2199145.1897404115,3445.0,62010.0,2667.0,48006.0,5468.532300254333,100583.32275883475,1487.6708378606002,27362.895165944174,1254960.8105025669,726587.0612924739,1240247.9680206387,716407.6734798307,7264223.48724089,7792597.236450982,6963127.217571073,7469600.296302339,-602431,0.0,68923.17615976479,178296.9253698576,176663.88513270914
2028-01-31,-48.11275983366993,6.826814244709323,1473147.2630268175,1601657.9287270124,1404336.7887795735,1526844.7417336642,-355423.6668381398,1691377.1667877142,-382223.6764742607,1816921.5132661508,3445.0,65455.0,2667.0,50673.0,5438.520357785587,106021.84311662034,1479.5063269558689,28842.401492900044,1275357.1627480988,740603.7799926018,1257824.2894033608,728477.7287375734,6790547.068190124,7325300.45094562,6473361.69515394,6983136.832491446,-602431,0.0,72856.92074332114,188610.3034988181,186746.85924928077
2028-02-29,2.2591022075315825,3.758526737650736,1485800.559705855,1615307.6684222277,1412050.7669344856,1535129.6088368099,25034.021203905075,1716411.1879916193,25981.004374700788,1842902.5176408517,3445.0,68900.0,2667.0,53340.0,5421.824330821388,111443.66744744172,1474.9643052471154,30317.36579814716,1295832.2033170988,754663.6619343046,1276184.5172422936,741079.9826007172,6785101.785635298,7326270.327018092,6448313.750825084,6962620.633339432,-602431,0.0,76802.77894429294,198971.32032708713,196860.88299001168
2028-03-31,35.04911810495752,5.342085609156499,1657837.7633877448,1801066.2760743876,1568730.4580712426,1704260.565587094,175769.29969659628,1892180.4876882157,188753.19040715435,2031655.708048006,3445.0,72345.0,2667.0,56007.0,5398.361323974288,116842.02877141601,1468.5813803344602,31785.94717848162,1316418.7511167808,768784.6526248424,1294036.6136032436,753316.4834992681,6969408.448065792,7517042.54655773,6594808.942509735,7113008.195268439,-602431,0.0,80765.78710845373,209399.88560039215,207018.86551638864
2028-04-30,22.125181424262564,2.8409019326335994,1774894.9592582257,1927321.456595964,1675579.8677831355,1819477.2679777665,123470.13592443833,2015650.623612654,132153.4429703916,2163809.151018398,3445.0,75790.0,2667.0,58674.0,5385.774012056362,122227.80278347238,1465.1571019652015,33251.10428044682,1337065.5990886788,782938.646058164,1312609.385650421,766043.5255347141,7087929.178609521,7642056.131640037,6691320.73084157,7214441.246706903,-602431,0.0,84738.05738049056,219865.01041100538,217200.58867767343
2028-05-31,107.90584888916759,2.8231531370606078,2220664.733477784,2407941.0495025995,2091548.293065625,2267935.7743491614,432798.3709984803,2448448.9946111343,465621.91148603964,2629431.0625044378,3445.0,79235.0,2667.0,61341.0,5373.293335123235,127601.09611859561,1461.7618327977668,34712.86611324459,1357772.5577859725,797125.5153105294,1331156.2197640107,778744.9823804498,7597081.918735042,8157728.961210486,7155363.652992855,7683412.910957772,-602431,0.0,88719.55413968606,230366.5966151291,227405.96117084337
2028-06-30,55.764239801261816,3.8850070128586545,2506478.67828519,2714847.4011799833,2353257.8150063665,2548888.9726951043,281267.5388020166,2729716.533413151,301070.568340663,2930501.6308451006,3445.0,82680.0,2667.0,64008.0,5356.25375588524,132957.34987448086,1457.1263504178603,36169.99246366245,1378562.094566528,811357.5165326972,1349307.6277732293,791162.7850505137,7913187.825558824,8480392.403592655,7429455.2167703435,7961986.619303036,-602431,0.0,92713.71703319972,240918.2950670304,237643.79949949757
2028-07-31,84.59692668446401,2.140641642280139,2921216.639299591,3159313.112294284,2737806.260761302,2960953.700653452,401611.74854037544,3131328.281953526,429473.02361560136,3359974.654460702,3445.0,86125.0,2667.0,66675.0,5346.808075620224,138304.15795010107,1454.556728021488,37624.54919168394,1399397.6785024554,825614.660032496,1368042.6889330274,803977.817219784,8379341.998605743,8953125.017075703,7853239.871433637,8390997.571137218,-602431,0.0,96714.93602169283,251497.95449165226,247899.72401080313
2028-08-31,4.27699434500044,1.8405180673678467,2950512.0391344014,3190614.54111649,2761062.818484517,2985748.5957512786,40317.409356635755,3171645.6913101617,42194.63336942947,3402169.2878301316,3445.0,89570.0,2667.0,69342.0,5338.688054997847,143642.84600509892,1452.3477408162416,39076.89693250018,1420272.9985861792,839893.488316654,1386866.82609815,816849.3214886293,8392654.576422483,8973034.08669201,7853771.207163843,8396885.170150947,-602431,0.0,100722.24077140041,262101.7510409255,258171.2475452536
2028-09-30,73.0663864282415,3.325424106391517,3343032.3072131863,3610278.8693831465,3119863.0974473497,3369269.208610175,379201.5280868669,3550847.2193970284,404533.545223616,3806702.8330537477,3445.0,93015.0,2667.0,72009.0,5324.15404198548,148967.0000470844,1448.3938778547704,40525.29081035495,1441219.7779156812,854211.2953145094,1405089.8279039892,829297.0072679021,8830653.524848882,9417662.007450053,8241149.8085359335,8788971.646453688,-602431,0.0,104740.48476496109,272748.9673661328,268470.81054954836
2028-10-31,-20.009206882196693,2.4160730345663683,3180257.8913059034,3436684.1939538303,2962056.187891758,3200888.7425009077,-138735.1601540298,3412112.0592429987,-148813.02734821293,3657889.8057055348,3445.0,96460.0,2667.0,74676.0,5313.572398678482,154280.5724457629,1445.5152257228754,41970.806036077825,1462218.8730600665,868557.6153192879,1423644.2920084295,841966.7743485051,8620314.176185748,9213975.433926526,8028863.010432502,8581792.38349055,-602431,0.0,108766.73083724962,283427.98857802816,278790.8844820383
2028-11-30,-12.511828794785629,3.1787275113565494,3084770.027369393,3334620.2999278214,2865637.3703121897,3097739.0413196348,-75851.21238475182,3336260.8468582467,-81960.10134748413,3575929.7043580506,3445.0,99905.0,2667.0,77343.0,5299.734194957982,159580.30664072087,1441.7506521603484,43412.556688238175,1483286.7412747,882941.3951836674,1441851.8296580433,854388.7040182299,8487561.336372117,9087906.682463149,7884630.858225166,8442329.50142631,-602431,0.0,112803.48989213834,294148.835983171,289137.9052915291
2028-12-31,28.473784259655165,5.680314958839583,3263849.5932252924,3526366.5882592187,3018068.332524204,3260816.7211466017,178416.6582073863,3514677.505065633,190129.52452926716,3766059.2288873177,3445.0,103350.0,2667.0,80010.0,5275.390101550577,164855.69674227145,1435.1280346374226,44847.6847228756,1504476.5668791467,897391.5511972661,1458957.002196937,866035.5596065465,8676747.032569002,9283832.048250884,8023352.394263429,8584721.418369979,-602431,0.0,116858.87718827627,304943.8928701569,299532.6740089898
2029-01-31,50.63016633884647,1.8757163935196663,3565171.4250682658,3848770.9719298584,3291598.017180972,3553435.55451767,291012.0370350783,3805689.5421007113,310476.81937488756,4076536.0482622054,3445.0,106795.0,2667.0,82677.0,5267.226859268871,170122.92360154033,1432.9072893225743,46280.592012198176,1525707.5980398608,911864.1023207962,1477693.929262781,878801.7480173302,9009084.56044006,9622928.056159126,8317772.510810582,8884512.729572888,-602431,0.0,120920.54959609233,315764.04531515687,309943.5527247039
2029-02-28,18.926246831229566,1.150816812669131,3696247.0300487764,3988777.5517530334,3409363.0296423147,3679188.811748472,133707.92781017226,3939397.4699108833,141945.72555467085,4218481.773816876,3445.0,110240.0,2667.0,85344.0,5262.206753495243,175385.13035503557,1431.5416093645254,47712.1336215627,1546964.0446171965,926350.4601495469,1496749.9675465748,891784.609828424,9141101.650841188,9761715.235308837,8431615.572557934,9004060.269402202,-602431,0.0,124986.09680892085,326599.68127657066,320364.363340626
2029-03-31,10.064295224873865,4.157737916952131,3769588.1379649355,4067097.9815946287,3465228.407838839,3738717.0554113216,80202.54860829277,4019600.018519176,84779.83587583792,4303261.609692714,3445.0,113685.0,2667.0,88011.0,5244.3734814470245,180629.5038364826,1426.690209150882,49138.82383071358,1568311.1959123092,940886.0782304633,1514351.1854858303,903754.4878454888,9205507.246810786,9832932.364492632,8462246.816554409,9039013.100299273,-602431,0.0,129065.46874451706,337490.5864263629,330820.60948594625
2029-04-30,122.8575188100109,6.517857720671882,4405324.864096029,4746164.98595082,4028382.5153882247,4340058.595990825,594087.861885122,4613687.880404298,633710.5777060383,4936972.187398752,3445.0,117130.0,2667.0,90678.0,5216.850733891496,185846.3545703741,1419.202863978896,50558.02669469248,1589799.6980166137,955498.3824516224,1530776.8730650488,914897.8500829227,9928063.790902114,10562365.106467105,9078567.374879804,9658594.59374283,-602431,0.0,133166.36238539018,348467.67795038136,341332.02006623225
2029-05-31,69.69103777832785,9.074231793865817,4852612.150217038,5222029.336038928,4405394.747866315,4740766.395097285,418765.422272904,5032453.302677202,444708.82009926124,5381681.007498014,3445.0,120575.0,2667.0,93345.0,5179.226416323678,191025.58098669778,1408.9674668070725,51966.994161499555,1611484.1739854252,970216.8372694579,1545913.6947767828,925130.5463446623,10425291.56311927,11066558.899835238,9464495.260575581,10046663.311451107,-602431,0.0,137297.0468313476,359564.3835473149,351919.7904381103
2029-06-30,-15.7318972922866,1.6001782649286422,4704962.3930537915,5065297.533930503,4265705.468453207,4592399.59531444,-121173.640549781,4911279.662127421,-129407.78262168833,5252273.224876326,3445.0,124020.0,2667.0,96012.0,5172.379216772056,196197.96020346985,1407.1047404785681,53374.09890197813,1633204.7007937268,984954.7763890056,1564752.4550438293,937905.3832756355,10233098.392562652,10881348.316967372,9277732.769303171,9865461.855414484,-602431,0.0,141433.19948052464,370683.1238852458,362521.5769084809
2029-07-31,-12.324890676368728,2.727342561050472,4593409.761315166,4946678.226751302,4155239.4968948974,4474809.306004938,-88234.76000467678,4823044.902122744,-94627.33772541708,5157645.887150909,3445.0,127465.0,2667.0,98679.0,5160.793955163732,201358.7541586336,1403.9530619481352,54778.051963926264,1654986.4671604908,999725.8001233917,1582967.5014815568,950243.991878049,10081960.170478217,10737220.837515317,9120231.218931725,9712985.870903963,-602431,0.0,145578.63721469228,381839.30425179127,373147.1629086994
2029-08-31,12.355953642185957,1.9402588941266563,4691766.983439508,5051428.017174598,4237423.087536463,4562255.0694775265,101498.69434810831,4924543.596470852,107272.21562362177,5264918.102774531,3445.0,130910.0,2667.0,101346.0,5152.536091354079,206511.29024998768,1401.706575597113,56179.75853952338,1676812.0826076367,1014520.497074261,1601586.729506709,962855.1475288866,10174637.4342311,10836929.019764476,9189340.332395794,9787496.563326703,-602431,0.0,149730.7187568087,393022.3042901846,383789.77831745223
2029-09-30,58.13473065474633,1.3184950778700077,5087849.02346088,5473291.988393292,4590135.94884933,4937873.391805894,369994.8547465671,5294538.4512174195,393254.6976927495,5658172.80046728,3445.0,134355.0,2667.0,104013.0,5146.914829318692,211658.20507930638,1400.1773558462069,57579.935895369585,1698667.641971751,1029331.3522230124,1620538.8834638733,975691.4580432941,10614139.474308025,11283475.764056765,9575823.288479032,10179682.512932833,-602431,0.0,153887.33504238108,404223.62479111966,394444.01718063134
2029-10-31,65.84450526261574,3.3255922880776057,5544871.763161399,5959134.954704023,4988831.636291527,5361552.486113421,423833.73504452006,5718372.18626194,449763.86732158094,6107936.66778886,3445.0,137800.0,2667.0,106680.0,5132.9022023795205,216791.1072816859,1396.3653318305023,58976.301227200085,1720598.1557666045,1044182.6404405555,1638308.5155132299,987706.6460051255,11122372.791062713,11798788.306388762,10007020.472380694,10615604.99268582,-602431,0.0,158055.29873163317,415470.814057682,405127.34170892235
2029-11-30,7.797665974642798,7.759574255400858,5614684.3234769665,6033193.218688148,5020281.029702681,5394484.12756971,75022.52627873624,5793394.712540676,78818.75494574734,6186755.422734608,3445.0,141245.0,2667.0,109347.0,5101.035360919039,221892.14264260494,1387.6962103674582,60363.997437567545,1742700.8037151613,1059126.7066166163,1653487.5720290854,997922.8349768671,11180882.499910634,11864456.59700918,9997208.93923313,10608415.887718316,-602431,0.0,162249.3002404064,426823.3973389515,415877.40637620987
2029-12-31,8.95926530837945,10.904841219561568,5694917.7857027035,6118331.974972604,5048289.69440976,5423627.419833017,83668.37841202576,5877063.090952702,88016.70201853127,6274772.124753139,3445.0,144690.0,2667.0,112014.0,5057.2271260723655,226949.3697686773,1375.7785275485207,61739.77596511607,1765044.086754644,1074200.2257803092,1666822.8607859917,1006845.4466272448,11251278.214246443,11942122.075220779,9973754.49396567,10586156.652353046,-602431,0.0,166479.63229128567,438323.4932656205,426720.5934890236
2030-01-31,30.657022975125848,1.831272037718934,5948453.356566957,6387434.976428736,5265069.477028822,5653619.002286396,236943.599810293,6114006.690762995,250722.57708924872,6525494.701842388,3445.0,148135.0,2667.0,114681.0,5049.585088078234,231998.95485675553,1373.6995717261034,63113.47553684217,1787429.8862185776,1089296.557195731,1685478.1279867298,1019412.8351174218,11522201.374200009,12220334.703222856,10198481.37440752,10816410.147014739,-602431,0.0,170716.36652327422,449849.69554612105,437580.1906724567
2030-02-28,-63.207568619967915,5.3023351422348375,5027296.750300454,5410465.239736982,4430622.349174539,4768313.748174502,-799319.6706456974,5314687.020117298,-848508.5121487839,5676986.189693605,3445.0,151580.0,2667.0,117348.0,5027.891082922465,237026.845939678,1367.797889692492,64481.27342653466,1809937.1406593127,1104458.0252432232,1701939.4979037552,1030461.7082728924,10435639.225704186,11141118.341120277,9197065.277390705,9818813.244715612,-602431,0.0,174971.38113022645,461450.4965463161,448486.6441129967
2030-03-31,32.96314883075602,4.311914019476548,5278022.371376777,5678140.631262766,4635254.806451691,4986645.906524242,232677.00866878717,5547364.028786085,247562.60395731655,5924548.793650921,3445.0,155025.0,2667.0,120015.0,5010.234290444837,242037.08023012284,1362.9944993462552,65844.26792588091,1832544.15538267,1119672.9245035993,1718977.1612010817,1041894.1256313093,10707243.200215833,11420114.431094903,9403294.835732458,10029351.25740151,-602431,0.0,179241.39102593146,473112.62190500234,459431.5334776678
2030-04-30,42.09572312519996,1.3178230693533965,5596138.46305319,6017436.386611265,4909271.117423598,5278859.136306492,291548.9547679744,5838912.983554059,310129.03669921885,6234677.83035014,3445.0,158470.0,2667.0,122682.0,5004.771041640936,247041.85127176376,1361.5082658416711,67205.77619172257,1855182.2133427835,1134904.432471845,1737943.6075071795,1054644.5166758532,11057166.78762265,11777444.568493588,9700015.449831337,10331886.682020692,-602431,0.0,183516.06209919308,484793.8429701315,470388.370372652
2030-05-31,36.81967155245669,0.6624920786557853,5888807.318359426,6329170.060028592,5163176.087464707,5549276.405352177,269080.36021474324,6107993.343768802,285795.97131585015,6520473.801665991,3445.0,161915.0,2667.0,125349.0,5002.017893700134,252043.8691654639,1360.759293781351,68566.53548550392,1877835.9461743555,1150144.3239756338,1757344.943009172,1067690.9521461874,11376286.175700987,12103977.797899708,9974476.251482876,10612500.180551006,-602431,0.0,187793.0859832829,496484.7081820045,481351.237992351
2030-06-30,-7.828195328938648,2.155268087969686,5811790.177825436,6247226.467481467,5086602.357699393,5467705.458434695,-54943.55852093837,6053049.785247863,-59255.294089217496,6461218.507576773,3445.0,165360.0,2667.0,128016.0,4993.13732305679,257037.00648852068,1358.3434049753089,69924.87889047923,1900540.366346485,1165411.3204685987,1775694.2062102626,1080011.342428456,11263851.717944577,11998980.763822464,9858362.561655812,10501763.13593031,-602431,0.0,192077.71679069332,508206.7626685796,492333.60367790546
2030-07-31,-33.29604182980507,3.2402897972198197,5438064.136401062,5849109.402885656,4746878.171259012,5105678.978666621,-313778.2862390368,5739271.499008827,-335069.1744233368,6126149.333153436,3445.0,168805.0,2667.0,130683.0,4979.886093244014,262016.8925817647,1354.7385130087132,71279.61740348794,1923320.7977568875,1180718.9416817462,1793255.2164201392,1091783.633104355,10804286.759836035,11546888.615911176,9431045.991713917,10079262.057600996,-602431,0.0,196373.74878809662,519975.604863238,503345.19289364957
2030-08-31,3.6994618867899787,3.43328598704451,5470820.735328643,5884117.433277714,4762056.580037641,5121809.230543374,40941.695813936494,5780213.194822763,42901.44637762857,6169050.779531064,3445.0,172250.0,2667.0,133350.0,4965.897093588963,266982.7896753537,1350.932916608251,72630.55032009618,1946181.9784466822,1196069.684672054,1810645.4068595145,1103429.8806006187,10820013.330965413,11570125.624740042,9418242.375606483,10071174.97149093,-602431,0.0,200681.882766068,531794.1765406964,514387.80190598586
2030-09-30,-31.01047605562208,17.678515493782363,5141231.800851623,5531679.292974324,4414868.987173679,4750153.329693835,-270680.2778472217,5509532.916975541,-290301.3052764225,5878749.474254642,3445.0,175695.0,2667.0,136017.0,4898.986964107269,271881.77663946094,1332.7305465897427,73963.28086668592,1969436.1047913188,1211630.08737541,1818344.178145193,1108405.3065094983,10407887.529452587,11165693.546868496,8937441.775755098,9588183.546244597,-602431,0.0,205048.8570317157,543854.8744476247,525581.2303436941
2030-10-31,-46.026039435871944,4.297188041000344,4619890.79590835,4972379.062438569,3953298.6882899986,4254927.33348345,-433796.1519877181,5075736.764987823,-466278.3389857677,5412471.1352688745,3445.0,179140.0,2667.0,138684.0,4881.840288664231,276763.61692812515,1328.0659295367022,75291.34679622263,1992793.0881250752,1227245.1434797663,1835116.796631515,1119571.3596248103,9764538.60983738,10530086.55448269,8355638.560161532,9010727.56963981,-602431,0.0,209431.1695890677,555979.1142343765,536813.9738906986
2030-11-30,83.63918567748188,2.2567246099526983,5127206.240562131,5519468.45970392,4379263.2145878365,4714303.278545142,445620.0034591662,5521356.768446988,479591.83907456225,5892062.974343437,3445.0,182585.0,2667.0,141351.0,4872.769977843621,281636.3869059688,1325.5984234203856,76616.945219643,2016204.833003404,1242889.2658878868,1853375.880698149,1131746.913454831,10351977.638008855,11125293.205124373,8841859.043961098,9502365.4206201,-602431,0.0,213821.6395060301,568137.2066215473,548067.6263818566
2030-12-31,20.314013383642493,5.059071336156551,5287978.754616448,5692251.035239245,4498045.391957792,4841926.325171477,149040.78554875142,5670397.55399574,159256.74975901106,6051319.724102448,3445.0,186030.0,2667.0,144018.0,4852.770813180111,286489.1577191489,1320.1578092998302,77937.10302894283,2039738.1148776906,1258597.8606133906,1869480.781515754,1142438.0722832528,10520529.758526303,11301670.012790602,8948942.988846492,9613394.28190414,-602431,0.0,218230.2033602914,580370.4576245913,559367.6572530991
2031-01-31,65.96098534964732,4.317355955672597,5741612.9149299245,6179567.140422756,4866742.049197124,5237963.564198112,396775.463949002,6067173.017944742,425325.1658927694,6476644.889995217,3445.0,189475.0,2667.0,146685.0,4835.707979977689,291324.8656991266,1315.5160008633432,79252.61902980617,2063376.0166806648,1274361.8832375095,1886108.0959820068,1153474.3890940845,11038477.375783928,11827491.509227084,9356503.616631292,10025292.73870075,-602431,0.0,222654.3228663867,592668.4563095422,570707.5603711227
2031-02-28,84.68058866425343,3.4726757145274068,6320589.035480058,6799927.622827208,5342278.173272155,5747423.968769567,501607.02218606666,6568780.040130809,536585.8464393241,7013230.736434542,3445.0,192920.0,2667.0,149352.0,4821.970991537946,296146.8366906646,1311.7789621151433,80564.39799192132,2087098.7763804223,1290170.8149241114,1903357.7324796822,1164926.0642880253,11701956.300786363,12498884.262242673,9890708.821496325,10564287.000722934,-602431,0.0,227091.04594861672,605019.0074049276,582079.7689754947
2031-03-31,24.082248030756006,6.368324260216984,6532907.450964615,7026705.37123718,5493398.323150231,5908623.655448463,190748.81420280595,6759528.854333615,202907.39380041233,7216138.130234954,3445.0,196365.0,2667.0,152019.0,4797.226605275816,300944.0632959404,1305.047448096068,81869.44544001739,2110975.7519622957,1306061.2900407475,1918286.6074771974,1174778.43498101,11928265.725645635,12733180.187567182,10030253.057645379,10707090.405883996,-602431,0.0,231550.65391803638,617465.1158395844,593510.6361227111
2031-04-30,39.52622094798697,4.49285804163333,6868636.532288711,7385089.312795015,5754592.423728696,6187280.227770193,293468.17261936574,7052997.026952981,312448.5752726222,7528586.705507576,3445.0,199810.0,2667.0,154686.0,4779.689480298193,305723.7527762386,1300.2766123440483,83169.72205236144,2134963.167351314,1322010.068787614,1934660.9043899758,1185604.2030865937,12299422.227417242,13112375.325980943,10304543.21369535,10985641.0880478,-602431,0.0,236026.62460361852,629979.7231673187,604983.4441839952
2031-05-31,83.76800957398247,0.26897119807638425,7508407.676777137,8067147.316346149,6289189.2873281175,6757200.549749518,548075.4428618395,7601072.46981482,583495.7440043164,8112082.449511893,3445.0,203255.0,2667.0,157353.0,4778.619705903841,310502.37248214247,1299.9855887051292,84469.70764106656,2158957.353529388,1337962.4179368503,1954527.3301433977,1198808.500889051,13026252.193239788,13847247.128832325,10911043.89565097,11598725.329072487,-602431,0.0,240503.59731052144,642498.5329030595,616458.8206263288
2031-06-30,-4.816113109778697,-1.8977698445546975,7454936.932929147,8010306.515689006,6254379.381188892,6720311.165535719,-32659.392602089945,7568413.07721273,-35486.72890422507,8076595.720607668,3445.0,206700.0,2667.0,160020.0,4786.255697492934,315288.6281796354,1302.0628996510138,85771.77054071758,2182903.273133053,1353889.3167107562,1976302.0333681698,1213317.522416752,12939973.344877478,13768987.301299773,10856094.85492139,11551602.790456424,-602431,0.0,244973.42745586994,654987.3838781669,627915.8892548861
2031-07-31,56.558038136868326,-0.0960789088719105,7947447.505486877,8534370.332403729,6668109.2151291035,7160552.2929892475,425429.61785078235,7993842.695063513,451903.58675528964,8528499.307362957,3445.0,210145.0,2667.0,162687.0,4786.63911224929,320075.2672918847,1302.1672045943728,87073.93774531195,2206846.7744587706,1369814.939723555,1996477.4556250966,1226738.1865087226,13491624.276658129,14328656.111393346,11319813.575884983,12022104.42923141,-602431,0.0,249442.89956318887,667474.7342984044,639372.040160366
2031-08-31,21.669003397706412,0.31590864558392884,8169773.408026858,8770489.522860434,6852844.809563882,7356728.3451236375,198687.23109391856,8192529.926157432,210257.1066322132,8738756.413995171,3445.0,213590.0,2667.0,165354.0,4785.381146575053,324860.6484384597,1301.8249850104264,88375.76273032239,2230798.2112928038,1385744.7492131414,2016279.8720799978,1239904.200762023,13726364.949340938,14571418.411420599,11513740.234808898,12222575.099889351,-602431,0.0,253913.54659102525,679967.0086706877,650831.2026221162
2031-09-30,-18.9193196878508,4.233883983370523,7931960.240240316,8518035.564048165,6630414.370431148,7120321.295256193,-186612.48194181954,8005917.4442156125,-198850.88307738962,8539905.53091778,3445.0,217035.0,2667.0,168021.0,4768.873372739406,329629.52181119914,1297.3341760721398,89673.09690639452,2254854.1790471086,1401729.7008027055,2032537.777108232,1250648.2653196042,13425846.601770684,14278971.080015086,11222815.489161797,11935951.792042064,-602431,0.0,258399.66906227692,692524.1473066802,662330.0317404285
2031-10-31,0.4234769696777274,-5.283009189399346,7936689.01635287,8523064.822861992,6664442.8497960875,7156822.990044912,16176.463877566848,8022093.90809318,16428.779394258785,8556334.31031204,3445.0,220480.0,2667.0,170688.0,4790.492153560305,334420.0139647594,1303.2153939221023,90976.31230031663,2278773.251533193,1417642.514675774,2057756.7822977372,1267499.3194119697,13407450.497442944,14268581.234300364,11258244.769018166,11981336.800237285,-602431,0.0,262865.5463279562,704996.2831853754,673776.9683478177
2031-11-30,93.61494108205888,3.2263787715412606,8695582.225037647,9330700.055104153,7282389.879264748,7814289.358577289,647748.6818609945,8669842.589954175,688569.228417052,9244903.538729092,3445.0,223925.0,2667.0,173355.0,4777.832373498775,339197.8463382582,1299.7714011691673,92276.0837014858,2302772.2258273917,1433597.4925906179,2074795.8901319976,1278782.8464527982,14271328.653500877,15140503.386737652,11951974.768367603,12679892.591099562,-602431,0.0,267343.2567890148,717517.9900257888,685254.2358016031
2031-12-31,-51.57614889901202,-9.095162626970843,7858686.869111688,8442834.791933041,6634013.15589748,7127129.253984881,-694238.0533253975,7975604.536628777,-737264.9661991303,8507638.572529962,3445.0,227370.0,2667.0,176022.0,4815.950257943436,344013.7965962016,1310.1410692950417,93586.22477078084,2326531.695858807,1449426.188054045,2104225.3617240507,1298509.6144010616,13275635.287801273,14152740.795606034,11206800.90949159,11947220.979001835,-602431,0.0,271785.52650820743,729891.0343129692,696640.6615458375
2032-01-31,24.79539795813124,5.852104219581045,8106014.599664954,8706503.17285808,6810444.124462856,7314957.634132484,220006.88768575768,8195611.424314535,233735.83980471196,8741374.412334675,3445.0,230815.0,2667.0,178689.0,4793.1795893467215,348806.97618554835,1303.9464895120266,94890.17126029287,2350433.4285054454,1465330.0799443945,2118613.1297490774,1308006.2836756352,13542405.034758141,14427508.383319192,11377945.557102367,12121584.348475771,-602431,0.0,276248.89984968404,742352.2484107348,708081.1800947104
2032-02-29,5.7371661104996585,5.632488292087734,8169117.846727428,8773730.716538232,6832192.399273054,7337856.723270885,64957.36791004773,8260568.792224583,68406.69849045202,8809781.110825127,3445.0,234260.0,2667.0,181356.0,4771.342312495508,353578.31849804387,1298.005831550049,96188.17709184292,2374473.0695646456,1481306.7600916903,2133166.6512618624,1317600.5205785758,13592420.903742932,14485587.213215888,11367939.173931127,12114933.425374383,-602431,0.0,280732.7009687051,754899.0104416604,719574.0591229852
2032-03-31,59.36934636285167,3.6849888956653087,8707403.585544664,9347387.541211773,7260456.770315916,7794091.831349574,460999.5485819727,8721568.340806555,490492.8685200961,9300273.979345223,3445.0,237705.0,2667.0,184023.0,4756.975540150222,358335.2940381941,1294.0974650855642,97482.27455692849,2398604.2604507413,1497331.692184907,2149574.7259121975,1328443.4707104445,14200609.104663754,15101881.672929589,11840832.63209816,12592336.849845566,-602431,0.0,285230.04383276455,767502.6120985986,731101.6483521424
2032-04-30,5.535258811369959,0.31133636481421867,8771301.636537516,9415341.02110215,7311842.272826474,7848719.761773915,65427.54190399936,8786995.882710554,68808.18683859528,9369082.166183818,3445.0,241150.0,2667.0,186690.0,4755.743434100132,363091.03747229424,1293.7622804072575,98776.03683733575,2422743.335839803,1513360.775977234,2169373.6408834136,1341585.9740536804,14251161.007262178,15160543.567124747,11879906.29072584,12637976.428876864,-602431,0.0,289728.5518571042,780111.1117196732,742632.2241201298
2032-05-31,33.44084506738185,2.422304953524357,9118060.608445665,9784227.071735214,7585758.821313875,8139975.155506854,300635.13349406753,9087631.016204622,319043.7282419418,9688125.89442576,3445.0,244595.0,2667.0,189357.0,4746.267428350967,367837.3049006452,1291.1844082034531,100067.2212455392,2446943.191858901,1529421.8621150805,2186977.4031602424,1353233.2226692154,14632670.266785493,15550191.596529312,12173631.249262687,12936961.94201998,-602431,0.0,294236.04123121913,792757.3709750397,754185.8208838614
2032-06-30,19.671078895805106,2.1308844734037713,9338681.244770054,10018681.419604978,7755664.557594313,8320396.677354657,195361.68752940308,9282992.703734025,206850.42170078598,9894976.316126546,3445.0,248040.0,2667.0,192024.0,4737.935168935625,372575.24006958085,1288.9176831179825,101356.13892865718,2471196.7264163224,1545511.1937082617,2204860.3378447713,1365063.9828915016,14865930.577665698,15791616.11037376,12345979.895333532,13114750.805200743,-602431,0.0,298751.4575966157,805436.9903046766,765759.7361116459
2032-07-31,69.6827470395025,7.085869480651641,10008370.107228538,10730071.088357074,8264548.669213183,8860503.137248674,565109.3159235892,9848102.019657614,599544.327765335,10494520.64389188,3445.0,251485.0,2667.0,194691.0,4710.981873442879,377286.22194302373,1281.5852528629885,102637.72418152017,2495625.296978782,1561692.5784063712,2217609.439241709,1373396.6954665491,15622514.739667188,16556447.4582396,12900505.478732046,13671713.21023246,-602431,0.0,303292.708353831,818225.4269262416,777399.8700525402
2032-08-31,-5.719024597547384,0.4512464824554696,9931889.44424711,10649018.319367956,8198317.187354713,8790274.036598243,-51028.94474954296,9797073.07490807,-54803.00762807824,10439717.636263803,3445.0,254930.0,2667.0,197358.0,4709.214678275565,381995.4366212993,1281.1045014344745,103918.82868295464,2520065.43420092,1577880.035383362,2237289.38168376,1386423.9374118755,15509376.503253978,16451561.902071536,12802275.8071912,13580006.44869314,-602431,0.0,307835.66327552806,831021.0620930862,789044.3721078341
2032-09-30,1.2716391699428176,0.8943055846171166,9948229.700415296,10666351.236380463,8205714.892744872,8798051.495328967,25576.001354846256,9822649.076262917,26394.78943262303,10466112.425696425,3445.0,258375.0,2667.0,200025.0,4705.722010133644,386701.158631433,1280.1543487690476,105198.98303172369,2544528.459885675,1594079.5069704726,2256475.6827300973,1399114.414545076,15503908.805960767,16454357.75887597,12788270.799529256,13572240.748213138,-602431,0.0,312381.99005682307,843830.9429720256,800697.5169136495
2032-10-31,37.86210185430203,-0.6252319271306206,10368667.184102796,11112563.14709397,8556980.511781724,9170897.724581083,359076.6864856104,10181725.762748528,380347.62380550365,10846460.04950193,3445.0,261820.0,2667.0,202692.0,4708.182156194739,391409.34078762773,1280.823611991978,106479.80664371567,2568975.3562655826,1610270.5139177507,2277360.208851599,1412956.4037062954,15968902.323834762,16927607.166182593,13178703.063119287,13969896.232584588,-602431,0.0,316925.9412656461,856630.7836134778,812344.5726521047
2032-11-30,-22.98489795123381,6.840537883240594,10024873.863790873,10748129.94094231,8227764.508797744,8821366.060619026,-270095.1253769132,9911630.637371615,-287035.0013778683,10559425.048124062,3445.0,265265.0,2667.0,205359.0,4682.292980486554,396091.63376811426,1273.7806670841599,107753.58731079982,2593592.8098192783,1626551.0436320787,2289990.8370235423,1421193.7967375158,15545184.26900395,16512226.035191149,12758476.281003892,13552161.272004005,-602431,0.0,321495.0167355405,869536.7829227401,824056.0268965381
2032-12-31,-11.412698975834513,1.7850892445683053,9868681.23145256,10582220.807568815,8087638.115886327,8672402.152503384,-115944.58169137976,9795686.055680234,-123907.50422197391,10435517.543902088,3445.0,268710.0,2667.0,208026.0,4675.394246606971,400767.02801472123,1271.9039212504854,109025.4912320503,2618256.109087131,1642855.5959284592,2308155.0791627085,1433170.5466418988,15338268.814321741,16313669.327480415,12570105.831269236,13369471.641498782,-602431,0.0,326070.8340616464,882471.3472203184,835784.7618668127
2033-01-31,11.375118635238968,-1.0567448376009758,10007005.347086461,10729341.314438572,8208261.90017641,8800759.115306774,125525.13943544982,9921211.195115684,132740.39320378593,10568257.937105874,3445.0,272155.0,2667.0,210693.0,4679.535237196653,405446.5632519179,1273.0304448955662,110298.52167694588,2642891.8604387566,1659145.7200831105,2329609.79413609,1447375.8828538721,15475569.227993473,16459315.36834912,12693860.038224656,13500779.359565664,-602431,0.0,330642.6021786905,895388.7425343364,847503.1179044201
2033-02-28,56.23510954556738,0.3840237631761667,10593259.723558864,11352862.52559891,8686363.048621558,9309229.46400794,492785.16992718756,10413996.36504287,523343.5876588369,11091601.524764711,3445.0,275600.0,2667.0,213360.0,4678.040800054837,410124.60405197274,1272.6238951244711,111571.14557207035,2667537.5451581078,1675441.0482467953,2349362.445552743,1460429.265023449,16137297.46280817,17129393.95971948,13232416.46514251,14045925.297770483,-602431,0.0,335215.83078322705,908312.3276945394,859225.2174635683
2033-03-31,7.967059863373249,6.592013769230887,10696674.726630855,11462635.32572535,8724624.756855275,9349372.070990011,96380.39859762564,10510376.763640497,101566.0656388239,11193167.590403534,3445.0,279045.0,2667.0,216027.0,4653.220324063899,414777.82437603665,1265.8716814981897,112837.01725356854,2692349.1584902643,1691823.2963870305,2361909.821578567,1468594.66636252,16232995.623470021,17233521.485573255,13240263.830950225,14056331.714611981,-602431,0.0,339813.4531845054,921339.3152877393,871009.843202525
2033-04-30,68.5706748323168,2.295941129328427,11418654.881267628,12229114.95743923,9295898.669635963,9955692.211188406,599782.1622148101,11110158.925855307,636009.0763357719,11829176.666739307,3445.0,282490.0,2667.0,218694.0,4644.4263761114535,419422.2507521481,1263.4793577081464,114100.49661127669,2710118.017471295,1716304.805675765,2373612.5967078446,1486658.584052192,17056952.079345766,18050765.291141298,13886022.45983919,14695083.33517507,-602431,13866.073493781083,343682.76847657945,932362.0537658904,877755.9637054045
2033-05-31,31.70901452500403,0.6368059676088889,11814674.630878076,12648208.563238287,9613210.738358954,10291429.783715451,334244.9787748485,11444403.904630156,353019.4138750722,12182196.080614379,3445.0,285935.0,2667.0,221361.0,4641.970174870727,424064.22092701885,1262.811167642308,115363.307778919,2727899.194697227,1740806.6057843156,2387301.234786108,1506063.0482306601,17498112.81119354,18485205.400106452,14237636.77231968,15040801.427458974,-602431,27746.820871984695,347554.13113575475,943393.5409206507,884505.6537765763
2033-06-30,-38.550084146713814,0.8700876269810864,11118832.875104832,11913113.417822901,9040498.24679196,9686311.699927075,-553762.3453797073,10890641.55925045,-585678.4830019376,11596517.59761244,3445.0,289380.0,2667.0,224028.0,4638.62017509296,428702.8411021118,1261.8998267737552,116625.20760569276,2745697.1969005377,1765336.1256717439,2400699.080570615,1525267.7413044134,16675993.573990164,17656354.645218957,13558913.274676833,14356025.043980535,-602431,41647.61753160259,351428.2896832672,954436.9784436635,891260.2184568741
2033-07-31,14.487744556409265,3.932691134323818,11307915.293228315,12113311.757834911,9164730.446334112,9817480.428019078,165239.2835382287,11055880.842788678,174248.40901618992,11770766.00662863,3445.0,292825.0,2667.0,226695.0,4623.733538899657,433326.5746410114,1257.85003547279,117883.05764116555,2763570.2795986934,1789989.3763357007,2410368.5195227154,1541897.1220730455,16878335.27122178,17851916.174484774,13679390.863162346,14468449.351374323,-602431,55637.92458403524,355314.9215250053,965533.7493720332,898036.5302266601
2033-08-31,3.3329056623444986,1.1028005918261918,11354092.326213729,12162152.387482053,9193748.911494592,9848059.365845574,49379.13826892336,11105259.981057601,51535.932330997675,11822301.938959628,3445.0,296270.0,2667.0,229362.0,4619.509515435424,437946.08415644686,1256.7009233927745,119139.75856455832,2781464.778603224,1814677.96220007,2423478.4308000347,1560919.0248746274,16914178.590902664,17880965.407305818,13695917.431454686,14478753.697497087,-602431,69653.81677058822,359205.107255753,976645.7404294951,904819.0381737287
2033-09-30,98.12839714444941,5.0934819421315725,12345826.830571838,13210572.815961907,9955484.866370538,10652802.728426341,811683.3837360893,11916943.36479369,857394.0410679094,12679695.980027538,3445.0,299715.0,2667.0,232029.0,4600.424252023404,442546.50840847025,1251.5089288589525,120391.26749341727,2799456.5640406553,1839527.116985556,2431692.5579101974,1576495.3717812074,18051007.83387609,19010937.280931186,14556055.076674499,15330127.41821064,-602431,83786.00127266718,363111.43176312774,987826.8800908942,911629.6839497611
2033-10-31,-47.67052260988537,5.518262119799067,11397478.6983075,12211792.746234674,9149704.231778165,9803421.855433132,-749380.1349970668,11167563.229796624,-789866.0462968649,11889829.933730673,3445.0,303160.0,2667.0,234696.0,4579.878061105382,447126.38646957563,1245.9195005846716,121637.18699400194,2817554.144341437,1864551.1493613527,2439380.2202718756,1591691.596034565,16937486.709882647,17890489.704862732,13597129.49918589,14362184.277253728,-602431,98044.98502878495,367035.28077400354,999083.2607828728,918470.8835585642
2033-11-30,10.269912994296382,1.6094602483971654,11536027.662799174,12358137.293410698,9248615.185245065,9907713.432567144,123006.93963728898,11290570.169433912,129256.78113383855,12019086.714864511,3445.0,306605.0,2667.0,237363.0,4573.788410890501,451700.17488046613,1244.2628595446201,122881.44985354655,2835683.3136951737,1889627.4840751977,2451867.818989151,1610318.8539745808,17080954.151686486,18027009.981306463,13694070.13951545,14452538.007976668,-602431,112341.93828226192,370964.354090384,1010362.1219926219,925321.191702552
2033-12-31,36.23631616505889,10.852541158188146,11981896.529307127,12828701.3166798,9523951.638198338,10197044.401285198,366284.434145366,11656854.603579279,385913.67047833157,12405000.385342842,3445.0,310050.0,2667.0,240030.0,4534.686471630171,456234.8613520963,1233.6254871113103,124115.07534065786,2854017.436215508,1915043.3289016408,2453173.7832315397,1620866.2372132808,17582509.52084673,18521483.628160596,13975664.866168683,14722019.499235678,-602431,126885.45261607938,374927.30723222264,1021786.8671621691,932230.5690533386
2034-01-31,-17.96670248787843,2.3358214901577856,11694100.642744401,12525536.015111018,9277325.70053824,9936931.512395112,-216448.99052162413,11440405.613057654,-228642.06745793336,12176358.317884909,3445.0,313495.0,2667.0,242697.0,4525.969524164244,460760.83087626053,1231.2541106928848,125346.32945135074,2872397.8719143663,1940536.1348372363,2464769.966312153,1638899.3980174945,17229617.76940552,18161479.506482653,13668838.726963736,14408116.171792107,-602431,141484.9881182856,378897.89296066243,1033244.618156078,939153.2537582882
2034-02-28,-5.209159131852125,16.214664011202085,11617459.96479688,12444750.235615756,9101830.638278091,9749980.574366147,-48247.428623192165,11392158.184434462,-51494.955395853365,12124863.362489056,3445.0,316940.0,2667.0,245364.0,4469.646889141175,465230.4777654017,1215.9319845656623,126562.2614359164,2891082.112358615,1966534.1498799557,2459935.8404081194,1644858.561213659,17121515.868773934,18046063.831252594,13414045.598640958,14138393.175214939,-602431,156452.46512906818,382918.51258581877,1044918.9401935462,946163.1721650687
2034-03-31,-9.344971551268744,4.903337448243006,11478049.713274162,12297811.943644878,8956807.179962102,9596502.28620953,-97012.76611119075,11295145.418323271,-102887.2141595516,12021976.148329504,3445.0,320385.0,2667.0,248031.0,4451.852556675128,469682.33032207686,1211.091177556494,127773.35261347289,2909864.3663746547,1992695.9065506726,2468382.089047369,1660640.1904457381,16939783.012746014,17856951.472569995,13218828.45132607,13934533.75417781,-602431,171539.59401902562,386955.2028785048,1056663.2567215122,953201.1096531423
2034-04-30,127.80773478619554,5.74994108378466,12681104.384603547,13566003.446960656,9849605.95679153,10536920.469109086,946179.4173121643,12241324.835635435,996772.1818602318,13018748.330189735,3445.0,323830.0,2667.0,250698.0,4431.159958884955,474113.4902809618,1205.4619204538913,128978.81453392678,2928761.75138163,2019050.2869601217,2475769.99804375,1675626.9669288704,18330597.368776336,19240308.833197847,14237652.77527846,14944239.456309695,-602431,186767.6304333447,391010.74367747025,1068489.8385323235,960271.9128493068
2034-05-31,5.917199538544615,1.3143693080536645,12769130.031833345,13658397.633787777,9907190.216048444,10597146.639357487,80038.98704147489,12321363.82267691,83428.40767147267,13102176.737861207,3445.0,327275.0,2667.0,253365.0,4426.340717155448,478539.8309981172,1204.150883965864,130182.96541789264,2947686.1493666694,2045449.9408203005,2488739.102348281,1694810.4247159206,18413762.87045983,19315999.0790062,14286693.83866109,14986712.220147636,-602431,202028.82633231973,395070.70000445377,1080335.7348831426,967350.414483527
2034-06-30,8.921207425451083,4.255755032922237,12900726.383299444,13796441.933673793,9974589.2266036,10667138.964766504,113470.69457742335,12434834.517254334,118456.12213646864,13220632.859997675,3445.0,330720.0,2667.0,256032.0,4410.994377141398,482950.82537525863,1199.9760338866697,131382.9414517793,2966696.99403244,2071994.5374101708,2497929.6792168487,1711125.8472531014,18547414.39973762,19442116.856359888,14340497.918975294,15032264.352871073,-602431,217396.2130269577,399144.7813710336,1092243.4510202599,974453.5430121797
2034-07-31,21.418599060425294,7.02733235137567,13203129.210935783,14113432.269139772,10150789.859588679,10850646.303068466,244183.73194135106,12679018.249195686,255398.85558273256,13476031.715580408,3445.0,334165.0,2667.0,258699.0,4386.100841987365,487336.926217246,1193.203945094547,132576.14539687385,2985849.527119775,2098777.0075617433,2503636.5236036796,1724774.4250682495,18879034.64712212,19766107.16668015,14514522.307037855,15196518.718069816,-602431,232938.03646835103,403241.98539059673,1104252.541416979,981596.9857027958
2034-08-31,25.342061144246998,0.7898648540698661,13561855.320748257,14489013.905731583,10419750.791024089,11132098.856299847,287301.60922225635,12966319.858417941,300251.9308661856,13776283.646446593,3445.0,337610.0,2667.0,261366.0,4383.2261041635,491720.1523214095,1192.421895470947,133768.5672923448,3005018.5594710694,2125587.2360914536,2517313.286524494,1744557.8797213251,19275326.732774638,20154758.056154255,14809485.591827933,15485164.177885178,-602431,248500.24611234356,407341.8765604659,1116273.4460524253,988745.113418644
2034-09-30,-17.84831208146406,1.9460390968242924,13248629.611759791,14161497.362476537,10162759.64020349,10863002.292137302,-228590.49663505505,12737729.361782886,-239552.71068776958,13536730.935758824,3445.0,341055.0,2667.0,264033.0,4376.191760685786,496096.34408209525,1190.5082581217073,134959.07555046648,3024228.065630058,2152465.574589922,2529452.9988830434,1763147.9186310868,18894059.708866537,19765822.199906673,14493256.516011747,15161968.142754037,-602431,264112.4855237204,411448.35794490686,1128323.334508763,995904.7311212947
2034-10-31,19.152186488257716,4.682386711476272,13526556.56409572,14452247.725769607,10336459.650844384,11043836.232345046,224038.29945548374,12961767.66123837,233837.4430377102,13770568.378796535,3445.0,344500.0,2667.0,266700.0,4359.5354093733795,500455.87949146866,1185.9770298593312,136145.0525803258,3043533.984326474,2179506.2556149843,2538003.9098801864,1778931.3171596348,19197166.39050339,20061194.11921488,14669715.449435947,15329971.273800224,-602431,279844.0234015577,415570.52884443925,1140442.2809574865,1003091.7033689873
2034-11-30,19.50253701817788,3.6555117198412868,13813708.797846386,14752324.132144246,10524355.03966378,11239465.019784648,230415.79475137283,13192183.455989743,240262.43212292393,14010830.810919458,3445.0,347945.0,2667.0,269367.0,4346.511598003468,504802.3910894721,1182.434005276316,137327.48658560214,3062915.9074398233,2206675.0985690565,2547877.1388594895,1795753.1692052905,19510462.044012543,20366702.85288331,14864583.620807532,15516934.296783108,-602431,295669.8366895762,419705.0513447944,1152615.6969051373,1010300.2105346859
2034-12-31,-29.719155697275223,0.778035856528958,13248655.020330328,14162472.269250998,10087336.184232883,10783103.549800817,-418586.4775927797,12773596.978396963,-437467.3846389042,13573363.426280554,3445.0,351390.0,2667.0,272034.0,4343.705292555331,509146.09638202743,1181.6705721377516,138509.1571577399,3082314.2848826824,2233871.7187616676,2561582.8412382137,1815611.4219028244,18837303.009646636,19685745.57576765,14342452.722256012,14988444.740641478,-602431,311516.09890912217,423842.24500542326,1164800.9100355601,1017513.374847122
2035-01-31,25.529308661065663,2.5645554047689645,13608976.174686529,14539022.48806898,10339837.540560916,11046468.7861545,285390.7900218276,13058987.76841879,297721.3200937541,13871084.746374309,3445.0,354835.0,2667.0,274701.0,4334.5489338590005,513480.6453158864,1179.1796573793458,139688.33681511923,3101766.509818478,2261159.263310354,2572859.715642443,1833530.663782843,19237130.64672539,20077737.893233515,14616000.724850103,15254677.892973844,-602431,327429.30883791874,427988.17812885,1177024.7334748928,1024741.7763435853
2035-02-28,-15.783988512483516,1.4021761979448044,13335550.211555095,14253648.597244345,10120343.671921674,10817088.166180393,-195883.51866671967,12863104.24975207,-204950.79616965266,13666133.950204656,3445.0,358280.0,2667.0,277368.0,4329.522196863321,517810.16751274973,1177.8121734499343,140866.14898856916,3121248.4156718547,2288496.965548712,2585704.525924414,1852708.7174594644,18900135.97961405,19732887.42973719,14343305.564850854,14975280.304163434,-602431,343379.4704290152,432138.92483550037,1189269.8453876586,1031978.5702841961
2035-03-31,-58.18411335185167,3.032893878452292,12011009.292071108,12870747.601799134,9092483.045670623,9743315.61226234,-991088.2696017725,11872015.980150297,-1035267.5711340561,12630866.379070599,3445.0,361725.0,2667.0,280035.0,4318.755777650914,522128.92329040065,1174.8832544985482,142041.0322430677,3140794.15203192,2315942.5820366335,2596308.972938516,1870074.2993564236,17337309.032647688,18162160.602642976,13124558.028688269,13748980.900488721,-602431,359409.15776087425,436300.01912404445,1201560.7468802049,1039233.4051517148
2035-04-30,18.174467015565842,3.2763981610795634,12253961.6525821,13125258.828546183,9251512.862228584,9909326.005340274,195015.40794641402,12067031.38809671,203742.1367127905,12834608.51578339,3445.0,365170.0,2667.0,282702.0,4307.16876512279,526436.0920555234,1171.7310996442718,143212.76334271196,3160409.0020309193,2327389.2219731105,2606566.704636276,1874989.4803053378,17604659.333822776,18437679.113880586,13291189.974280255,13920104.396260003,-602431,359409.15776087425,440472.30746006645,1213901.2452787498,1046507.7567521696
2035-05-31,-14.259423810600758,4.8651255407473615,12029704.641329672,12890390.392065492,9046320.032407839,9693554.439289238,-157071.68632935782,11909959.701767353,-165051.46234854974,12669557.05343484,3445.0,368615.0,2667.0,285369.0,4290.151531033951,530726.2435865573,1167.101696084959,144379.8650387969,3180126.13071772,2338881.2659355104,2614651.4654950295,1878123.9539934313,17320426.31333997,18161671.17812218,13024934.875781981,13657549.7652859,-602431,359409.15776087425,444661.14551625255,1226315.1680593367,1053810.9626583834
2035-06-30,20.47595575294432,2.4320572146736996,12300673.132360535,13174519.69377582,9231583.52508266,9887400.278605597,214918.6101440783,12124878.311911432,224795.72188730942,12894352.775322149,3445.0,372060.0,2667.0,288036.0,4281.569264046429,535007.8128506037,1164.7669584224468,145544.63199721935,3199895.22340387,2350396.3453280143,2626057.9665299226,1883971.066516591,17621377.0263082,18470875.904384058,13224740.80035321,13862284.759373633,-602431,359409.15776087425,448858.3799627219,1238766.4157994518,1061128.8076044181
2035-07-31,41.162435483229,12.552462415018283,12814249.285367195,13712854.545556948,9522717.709645154,10190502.76943487,393161.368203759,12518039.680115191,411560.4249129669,13305913.200235115,3445.0,375505.0,2667.0,290703.0,4239.585427416542,539247.3982780202,1153.3455886679183,146697.97758588727,3219921.736998696,2362025.4564390136,2624015.142668982,1878855.9357963877,18208187.815311614,19066084.095871296,13531142.457749093,14168675.248160254,-602431,359409.15776087425,453097.17885182716,1251402.617172384,1068519.1198263122
2035-08-31,1.171580061587818,2.409125167093573,12831931.494318945,13731369.868789243,9516959.467083044,10184038.975476818,24608.470374705954,12542648.150489897,25226.35980490574,13331139.560040021,3445.0,378950.0,2667.0,293370.0,4231.183262141506,543478.5815401617,1151.0598462477858,147849.03743213505,3240000.564991076,2373677.6603133143,2635490.135669046,1884727.6138381844,18208918.10431584,19075241.0089936,13504867.57312649,14147386.58695337,-602431,359409.15776087425,457344.3950291063,1264076.4574677425,1075924.1075233335
2035-09-30,-10.365914157004674,-3.9808291281719033,12666629.368240405,13558203.18880402,9426216.731922489,10089705.638151398,-111501.578840137,12431146.57164976,-117354.20051786267,13213785.359522158,3445.0,382395.0,2667.0,296037.0,4245.530905834677,547724.1124459964,1154.9630089141838,149004.00044104923,3259990.1217590533,2385290.485915936,2656250.832496512,1898129.555064512,17994213.417422596,18868913.053265713,13390883.293576274,14041814.816327246,-602431,359409.15776087425,461577.2578673682,1276686.0514713598,1083304.0702876935
2035-10-31,38.55739895820649,7.015968057202704,13162349.2247305,14078020.012907727,9739927.37546652,10417509.076453868,378306.8088529212,12809453.38050268,396138.1785057323,13609923.53802789,3445.0,385840.0,2667.0,298704.0,4221.6085235479095,551945.7209695443,1148.455114556767,150152.455555606,3280128.6794538945,2396969.117348716,2661257.0587771065,1898786.4253556363,18559603.68968222,19442763.251787398,13733809.137604503,14387333.05259768,-602431,359409.15776087425,465834.1068621909,1289402.8267282434,1090725.852725651
2035-11-30,-18.469705554367778,7.149914731987561,12849205.388004059,13749975.212866373,9453644.378994135,10116374.6673221,-218940.4672387075,12590512.913263973,-229903.66720554288,13380019.870822348,3445.0,389285.0,2667.0,301371.0,4197.383383140027,556143.1043526843,1141.8648572538689,151294.32041285987,3300420.1639038697,2408715.151842024,2666079.5282251295,1899292.6460594158,18170824.941091366,19062529.95315321,13368960.327025987,14025021.291143617,-602431,359409.15776087425,470115.5242023806,1302229.6940251002,1098190.4698787692
2035-12-31,-30.124023008928447,0.8199928833440673,12314456.736304743,13188984.601627,9054045.907607893,9697031.271043912,-381719.45149110776,12208793.461772865,-401013.5146778992,12979006.356144449,3445.0,392730.0,2667.0,304038.0,4194.527863386923,560337.6322160712,1141.0880357539884,152435.40844861386,3320729.8283310956,2420469.1827140925,2679810.467075657,1906969.7681112224,17518638.66085695,18418899.30647395,12880353.723325476,13542258.782458028,-602431,359409.15776087425,474399.85621430085,1315069.6595921784,1105660.1687389172
2036-01-31,25.6217160947497,5.125681868834064,12650649.264940428,13542453.638371585,9262563.137615796,9915525.222194375,257579.16796494726,12466372.629737811,270228.6963650202,13249235.052509468,3445.0,396175.0,2667.0,306705.0,4177.091751847485,564514.7239679188,1136.3446799066253,153571.75312852048,3341151.0682605766,2432272.2775295684,2687364.0652488926,1909684.195631449,17898136.62259495,18807015.413325958,13104672.893896718,13770136.539854933,-602431,359409.15776087425,478702.07198249694,1327990.020474379,1113161.0477861974
2036-02-29,-24.168161316223014,2.550975545429912,12242739.843424147,13113830.316320684,8945102.827588955,9581561.165497513,-286622.89058992174,12179749.73914789,-301757.4088932044,12947477.643616263,3445.0,399620.0,2667.0,309372.0,4168.332602346796,568683.0565702656,1133.961822759374,154705.71495127984,3361628.7956161527,2444100.1748456904,2698578.0129084117,1915330.3173500416,17393602.608371083,18311131.229141545,12708557.550348371,13378945.712231599,-602431,359409.15776087425,483013.3282363483,1340951.106767685,1120677.6888484678
2036-03-31,28.64552144831589,5.014967230587297,12611705.751510864,13502259.51722721,9177187.660535298,9825218.877787272,279878.95093687077,12459628.690084761,294041.848027769,13241519.491644032,3445.0,403065.0,2667.0,312039.0,4151.369896739124,572834.4264670047,1129.3472532408625,155835.06220452068,3382216.675817078,2455976.4015434673,2706240.067514614,1918135.4215841736,17813289.981948607,18739530.256222215,12962235.897098346,13636235.194515847,-602431,359409.15776087425,487342.20049948146,1353991.6325339666,1128225.0432831114
2036-04-30,-12.433558001334921,1.2822066713731761,12415699.405432709,13296061.400177225,9024972.2697914,9664907.430147404,-131089.90531926346,12328538.784765497,-138498.30394403802,13103021.187699994,3445.0,406510.0,2667.0,314706.0,4146.96467092548,576981.3911379302,1128.1488464989213,156963.2110510196,3402833.3523789924,2467865.2440854986,2719309.638830791,1925252.4054535136,17559451.15397761,18494419.262271103,12763965.56991881,13443593.915849598,-602431,359409.15776087425,491675.671224707,1367052.9372790752,1135780.4150999172
2036-05-31,40.424628803004325,1.009752271084552,12919580.809763893,13826772.404094448,9383384.240810229,10042269.961251216,377347.5778950214,12705886.362660518,396833.69324580865,13499854.880945804,3445.0,409955.0,2667.0,317373.0,4143.494118119198,581124.8852560495,1127.2047101351436,158090.41576115476,3423472.7672955254,2479764.0446133916,2732777.3126245374,1932685.7252171298,18140339.95668195,19084048.67936408,13175178.249113815,13860586.056589924,-602431,359409.15776087425,496012.7716254087,1380130.6520684164,1143342.1152271088
2036-06-30,39.9449686902982,0.34337870914036284,13434811.116037246,14368806.360981924,9754804.789634228,10432964.02910475,385481.8053316385,13091368.167992156,404943.51395798643,13904798.39490379,3445.0,413400.0,2667.0,320040.0,4142.310661772685,585267.1959178222,1126.8827602228234,159217.29852137758,3444119.9470325843,2491666.244623398,2747245.4305734676,1940913.0976985008,18732158.136509642,19684611.83891883,13601125.042397168,14292686.67716219,-602431,359409.15776087425,500351.1111338003,1393213.971303861,1150905.9757287235
2036-07-31,1.2782633269399213,15.763797639451994,13454649.017115131,14389652.938272767,9650763.222918421,10321423.70942492,25546.6559704709,13116914.823962627,26270.16018730007,13931068.55509109,3445.0,416845.0,2667.0,322707.0,4092.0877324048342,589359.283650227,1113.2200106384405,160330.51853201602,3465100.820289383,2503714.522476675,2739897.913950528,1931854.5632925336,18734662.587671474,19696048.88548418,13438016.291981462,14127600.354274448,-602431,359409.15776087425,504742.6958639349,1406538.1514375173,1158562.668851866
2036-08-31,54.01447225746357,3.748741731750038,14141183.873730065,15111417.957215512,10112141.86036041,10805941.246434985,502231.82548972295,13619146.64945235,527424.36965034,14458492.92474143,3445.0,420290.0,2667.0,325374.0,4079.5572583230346,593438.8409085501,1109.8111945516828,161440.3297265677,3486166.5996802393,2515799.8069519484,2749327.734085561,1936053.8688317495,19527110.86634534,20497477.65907363,13963534.946341407,14657429.23074287,-602431,359409.15776087425,509147.76946924743,1419923.719958413,1166242.8797218266
2036-09-30,-22.656624003915617,5.621083109052871,13727559.724506,14677239.454517206,9771731.113260718,10447744.560051057,-283153.5792559487,13335993.070196401,-297784.84798746574,14160708.076753965,3445.0,423735.0,2667.0,328041.0,4061.0077187741786,597499.8486273242,1104.7649394456662,162545.09466601335,3507359.1723721502,2527940.2936030994,2756004.5091358377,1938079.81282946,19018450.00518543,19997868.88395448,13537961.8352636,14235144.591897126,-602431,359409.15776087425,513572.9642101785,1433401.0007401034,1173958.1716320468
2036-10-31,-28.60924692318826,15.653645312293495,13200885.387417004,14123442.255756123,9283632.69785242,9932428.50640517,-359172.572429302,12976820.4977671,-378246.9510098724,13782461.125744091,3445.0,427180.0,2667.0,330708.0,4012.0888097196994,601511.9374370439,1091.4569382445177,163636.55160425787,3528892.30693529,2540228.807725858,2748790.430607061,1929169.8257895447,18373113.899678357,19361777.398887787,12921045.517371604,13616331.365181679,-602431,359409.15776087425,518052.1148103507,1447124.7717806573,1181767.5351546328
2036-11-30,31.13658476665655,2.3460453219231736,13620640.632447593,14565784.673088012,9560336.26986727,10223733.469442291,305832.1647122379,13282652.662479337,321686.1152284446,14104147.240972536,3445.0,430625.0,2667.0,333375.0,4004.343106275154,605516.2805433191,1089.3497810585518,164725.90138531642,3550480.366713136,2552541.0918362625,2760373.8448317945,1935016.001833522,18851902.751082644,19849842.025959518,13232162.457750639,13932616.665609434,-602431,359409.15776087425,522539.9295462654,1460888.3621840132,1189592.0045291227
2036-12-31,4.628764126535478,4.507427274596165,13691859.563658616,14640773.630566869,9575081.365212666,10238682.197298145,60992.30483096689,13343644.967310304,63628.78441912399,14167776.025391659,3445.0,434070.0,2667.0,336042.0,3989.6581566997634,609505.9387000188,1085.3548570022845,165811.25624231872,3572173.217018985,2564898.6944336696,2768721.7653627414,1938325.7535465867,18914841.876832243,19922116.399417557,13227651.739980722,13932065.590124168,-602431,359409.15776087425,527044.2628234967,1474727.9431696862,1197445.2738492987
2037-01-31,-30.41100226651651,0.5234207581595207,13128920.339244535,14047856.130774723,9177409.533364326,9819766.244793966,-382322.3275825165,12961322.639727788,-403277.8138783765,13764498.211513283,3445.0,437515.0,2667.0,338709.0,3987.922847801833,613493.8615478206,1084.882779980446,166896.13902229918,3593878.5178591264,2577261.674331131,2783081.453211735,1946333.8871229521,18223883.144282185,19240499.98781018,12738902.711087402,13449540.666874515,-602431,359409.15776087425,531550.5561209976,1488576.5574098672,1205301.960449259
2037-02-28,34.27825329636154,2.7236748386790355,13582077.767821189,14526292.88489432,9472939.55337588,10131490.688358253,327232.09119414707,13288554.730921935,344863.3790509851,14109361.590564268,3445.0,440960.0,2667.0,341376.0,3979.0024086041503,617472.8639564248,1082.4560452504193,167978.59506754958,3615648.0027963948,2589652.370525079,2794052.575643805,1951698.1351845996,18744636.93464458,19770632.5669159,13073611.833717985,13789201.508043123,-602431,359409.15776087425,536066.9519797034,1502471.7420118935,1213176.260784501
2037-03-31,121.32145295209588,-1.8527796389157913,14865044.682490868,15879483.536379453,10383926.495325528,11092559.312634775,907393.535212724,14195948.266134659,956448.0881517843,15065809.678716052,3445.0,444405.0,2667.0,344043.0,3985.2083812172914,621458.0723376421,1084.1443308762903,169062.73939842588,3637372.76801569,2602023.7712860447,2812182.453569168,1962633.9544417623,20253350.22898045,21288699.225710098,14147909.04123787,14871148.567837678,-602431,359409.15776087425,540576.3146731821,1516334.4691637019,1221038.2988519883
2037-04-30,29.188311957273115,2.463623919117097,15301931.898052098,16338704.377498992,10667455.545787657,11390222.083325552,315738.8305847886,14511687.096719448,331308.29981304065,15397117.978529094,3445.0,447850.0,2667.0,346710.0,3977.1340177292027,625435.2063553713,1081.9477643322914,170144.68716275817,3659155.710806831,2614420.2884213035,2823493.7839897713,1968274.0408753748,20746916.66443525,21791652.086820778,14463324.807908555,15191642.562141014,-602431,359409.15776087425,545094.8322589336,1530239.4124053356,1228916.2984014954
2037-05-31,20.87676299825585,3.065035192711729,15632338.880683528,16685749.39286279,10870410.010429285,11602930.221517762,240916.65495113563,14752603.751670584,252486.40397898358,15649604.382508077,3445.0,451295.0,2667.0,349377.0,3967.1407831447564,629402.347138516,1079.2291841263211,171223.91634688448,3681011.0381572293,2626848.032404948,2833858.4238123195,1973179.0085512009,21113742.549903885,22167905.555656165,14682066.4600425,15415109.939832566,-602431,359409.15776087425,549624.7319984015,1544196.8955115566,1236814.1426456724
2037-06-30,43.95629308652005,4.0899558374906775,16283217.363928076,17369124.815797437,11285256.87328913,12037856.575244365,462239.79218279064,15214843.543853374,484762.1416547684,16134366.524162846,3445.0,454740.0,2667.0,352044.0,3953.9108901622635,633356.2580286782,1075.630096675168,172299.54644355964,3702962.845083531,2639317.3599567325,2842623.193320942,1976844.7877229082,21856144.6499022,22919790.135028996,15147633.365155127,15884804.174430283,-602431,359409.15776087425,554169.7889051499,1558224.4317928227,1244738.413290708
2037-07-31,26.995522274436958,2.1375486000219324,16722848.60355371,17830151.03567411,11569538.458409175,12335614.76378125,315287.23667952337,15530130.780532898,330089.1435017075,16464455.667664554,3445.0,458185.0,2667.0,354711.0,3946.948182691676,637303.20621137,1073.7359473334761,173373.28239089312,3724965.7494189125,2651808.684321264,2854424.7906810176,1982852.6540846836,22348257.21706173,23421414.28215938,15461422.122560548,16203875.291330032,-602431,359409.15776087425,558722.8636272367,1572289.0864857596,1252676.6629331529
2037-08-31,-37.7952106720879,-0.446328455574585,15855978.086601654,16921653.638793282,10973892.617999874,11711444.66376491,-588824.8986568071,14941305.88187609,-617634.7839799154,15846820.883684639,3445.0,461630.0,2667.0,357378.0,3948.4197722618937,641251.6259836318,1074.1362816039368,174447.41867249706,3746957.832224017,2664295.353126429,2870374.1622347357,1992054.6084087477,21314906.259511627,22397568.738609217,14752006.541448645,15501315.207382914,-602431,359409.15776087425,563274.2414027828,1586345.8782612453,1260611.953962772
2037-09-30,21.75730607215087,2.90303910940255,16208532.296174059,17292115.373264212,11191174.730368769,11939334.238521704,254543.5077202024,15195849.389596293,266907.75122268975,16113728.63490733,3445.0,465075.0,2667.0,360045.0,3939.0149996384475,645190.6409832702,1071.5777878069887,175518.99646030404,3769019.204179723,2676811.835039934,2880913.177829043,1997097.4153559904,21707374.77465454,22799582.143794328,14987848.350593777,15741962.497790495,-602431,359409.15776087425,567836.4860252708,1600453.0129259338,1268566.191253789
2037-10-31,9.476373672842776,0.24545867515151087,16372931.265567312,17464786.082916908,11302374.642530166,12056091.371732406,124607.58544164675,15320456.97503794,130317.63856784115,16244046.27347517,3445.0,468520.0,2667.0,362712.0,3938.2103479074494,649128.8513311777,1071.3588886857776,176590.35534898983,3791086.524874634,2689330.8743101945,2895741.7824639915,2005429.7109223336,21878250.771954354,22980006.422518793,15102743.835972792,15863295.195117118,-602431,359409.15776087425,572399.6628016328,1614564.4711269464,1276522.0537476875
2037-11-30,9.98336257957677,1.7128502083910702,16547113.53557561,17647739.90885123,11406459.2939618,12165156.567515768,131183.94340730668,15451640.918445246,137230.45994324406,16381276.733418414,3445.0,471965.0,2667.0,365379.0,3932.6405860542377,653061.4919172319,1069.8436791509512,177660.19902814078,3791086.524874634,2708650.69961482,2895741.7824639915,2016591.5079504573,22082615.53066266,23165051.355922475,15222259.435953656,15968417.377796927,-602431,378728.9830654999,572399.6628016328,1614564.4711269464,1276522.0537476875
2037-12-31,58.00782529519246,-5.117081978839632,17405218.885397967,18547907.48500747,12050611.758748911,12841759.331537837,605251.015545305,16056891.933990551,634373.0600651521,17015649.793483566,3445.0,475410.0,2667.0,368046.0,3949.892301632529,657011.3842188645,1074.5368715396469,178734.7358996804,3791086.524874634,2727801.760757932,2895741.7824639915,2036587.200370231,23088038.195506748,24151322.959623452,15985147.121512689,16721318.953980302,-602431,397880.04420861165,572399.6628016328,1614564.4711269464,1276522.0537476875
2038-01-31,31.774088051897632,2.440568833779855,17942237.80767735,19109658.003504205,12397483.784704363,13204131.935444338,382188.38429451676,16439080.318285068,399277.08673849463,17414926.88022206,3445.0,478855.0,2667.0,370713.0,3941.9634133638865,660953.3476322284,1072.3798803752413,179807.11578005564,3791086.524874634,2747029.863013863,2895741.7824639915,2046750.5370009865,23713236.33780545,24757292.99966622,16385049.966008784,17106458.057601072,-602431,417108.1464645429,572399.6628016328,1614564.4711269464,1276522.0537476875
2038-02-28,48.28631897833742,3.8342741610458697,18733693.763141654,19935960.525295455,12903829.896456264,13731955.197592508,556268.1114276921,16995348.42971276,580270.540956202,17995197.421178263,3445.0,482300.0,2667.0,373380.0,3929.622769008981,664882.9704012374,1069.0227059600243,180876.13848601567,3791086.524874634,2766378.7336923676,2895741.7824639915,2055176.3904866676,24631224.073455695,25655931.864637963,16966068.176619392,17671890.274395157,-602431,436457.0171430472,572399.6628016328,1614564.4711269464,1276522.0537476875
2038-03-31,12.952790897613475,4.5430926554302475,18984973.29056576,20197693.779613044,13028585.217466185,13860824.062088178,183534.69782631603,17178883.127539076,190708.64901325622,18185906.070191517,3445.0,485745.0,2667.0,376047.0,3915.1005128134993,668798.0709140509,1065.072041347336,181941.210527363,3791086.524874634,2785871.145644546,2895741.7824639915,2062735.7062720421,24921179.00034649,25926394.37957658,17102352.44244935,17792189.29551013,-602431,455949.429095226,572399.6628016328,1614564.4711269464,1276522.0537476875
2038-04-30,43.37246091934735,-1.2174362950300166,19744526.147694085,20987883.799345635,13563672.401082706,14417807.655493492,532878.639939056,17711761.76747813,553925.1028298093,18739831.173021328,3445.0,489190.0,2667.0,378714.0,3919.098917307466,672717.1698313584,1066.1597755760188,183007.37030293903,3791086.524874634,2805323.7838889454,2895741.7824639915,2077714.2550238664,25796277.37807595,26782040.11906164,17720975.06450141,18398153.27500431,-602431,475402.0673396254,572399.6628016328,1614564.4711269464,1276522.0537476875
2038-05-31,-39.66843793900085,5.766948650314441,18680809.582042933,19883519.036979116,12773123.326121373,13595483.62725946,-716249.0016395794,16995512.765838552,-744042.4667648224,17995788.706256505,3445.0,492635.0,2667.0,381381.0,3900.830328337049,676618.0001596954,1061.189950846468,184068.5602537855,3791086.524874634,2824958.625522144,2895741.7824639915,2083696.7387912367,24576234.32084531,25542362.2201978,16804157.79054711,17464753.93618195,-602431,495036.9089728241,572399.6628016328,1614564.4711269464,1276522.0537476875
2038-06-30,52.367028879951924,-3.530083307682752,19558587.917355724,20795804.12902777,13413421.842480037,14261913.71866431,613075.6697809326,17608588.435619485,636740.654516524,18632529.36077303,3445.0,496080.0,2667.0,384048.0,3912.530492216353,680530.5306519117,1064.3728876283576,185132.93314141384,3791086.524874634,2844476.0337626524,2895741.7824639915,2101889.0534126107,25589417.192727346,26536027.68383933,17549408.421488367,18198600.78094981,-602431,514554.3172133325,572399.6628016328,1614564.4711269464,1276522.0537476875
2038-07-31,21.073585118495863,4.505053157741168,19969639.511595685,21222061.452595808,13645125.593905644,14500897.41049685,291939.5584844694,17900527.994103953,302329.5350440398,18934858.89581707,3445.0,499525.0,2667.0,386715.0,3898.1896227034804,684428.7202746152,1060.4715678239793,186193.40470923783,3791086.524874634,2864137.045384165,2895741.7824639915,2109382.138439401,26061366.311448414,26988315.790938884,17807563.139134493,18440941.726640217,-602431,534215.3288348445,572399.6628016328,1614564.4711269464,1276522.0537476875
2038-08-31,-29.195229466084495,0.41181805872232413,19230528.938755132,20456662.228861324,13135596.706836546,13973118.777027933,-493787.58216475527,17406740.411939196,-511744.2965749124,18423114.59924216,3445.0,502970.0,2667.0,389382.0,3896.854810970871,688325.575085586,1060.1084428793677,187253.5131521172,3791086.524874634,2883811.5262008407,2895741.7824639915,2122263.3927663467,25214739.037464786,26122014.03613858,17223168.64601572,17842891.510775678,-602431,553889.8096515205,572399.6628016328,1614564.4711269464,1276522.0537476875
2038-09-30,22.684128942157365,5.184477548425215,19663790.179644123,20905513.04579823,13375083.542369233,14219689.130587624,305747.43243698374,17712487.84437618,316351.2824641695,18739465.881706327,3445.0,506415.0,2667.0,392049.0,3880.475275219675,692206.0503608057,1055.6525200948179,188309.16567221202,3791086.524874634,2903652.099487674,2895741.7824639915,2128860.047768791,25713141.97383768,26600576.399224643,17489782.940874733,18093405.613283653,-602431,573730.3829383538,572399.6628016328,1614564.4711269464,1276522.0537476875
2038-10-31,-65.25500291571178,2.398796358567501,17495511.384483032,18662400.718094897,11876760.771939442,12668899.118631471,-1460889.3536637065,16251598.490712473,-1511689.8100888694,17227776.071617458,3445.0,509860.0,2667.0,394716.0,3872.817359543368,696078.8677203491,1053.5692448749005,189362.73491708693,3791086.524874634,2903652.099487674,2895741.7824639915,2128860.047768791,23225177.13910701,24112611.564493973,15766322.384365192,16368753.83889543,-602431,573730.3829383538,572399.6628016328,1614564.4711269464,1276522.0537476875
