date,earn_lc,earn_cc,earn_norm_lc,earn_norm_cc,exp_total_lc,exp_total_cc,exp_norm_total_lc,exp_norm_total_cc,worth_lc,worth_cc,worth_norm_lc,worth_norm_cc,exp_al_cc,exp_cc,exp_lc,exp_non_taylor
2026-07-31,47500.0,47500.0,47302.90456431535,47302.90456431535,19332.05,13417.675,19251.834024896267,13362.0,5728167.95,5734082.325,5704399.618257262,5710289.452282158,0.0,3765.625,9680.0,9652.05
2026-08-31,95234.73291666666,95284.019375,94446.04287116267,94494.92116182572,38784.98354166666,26891.25697916667,38463.78423236514,26668.55601659751,5756610.8497916665,5768504.5763541665,5708937.2591381,5720732.487353868,0.0,7546.940104166667,19440.666666666664,19344.316875
2026-09-30,143206.4899982639,143354.89084461806,141431.2232670342,141577.78445454733,58359.64041753472,40420.978883246535,57636.182087671084,39919.89810781495,5785331.158193575,5803269.819727863,5713612.998392213,5731329.28237207,0.0,11344.01068793403,29282.672222222216,29076.968195312504
2026-10-31,191417.58298321033,191715.4726756836,188260.24722353788,188553.22337691078,78056.86672020037,54007.07462859339,76769.35836938553,53116.25537707713,5814331.355212669,5838381.147304276,5718426.914145686,5742080.017137994,0.0,15156.902399133754,39206.69449074073,38850.17222945964
2026-11-30,239870.34427664924,240368.6489032192,234934.9093856451,235422.96118147127,97877.51489191262,67649.77910621253,95863.64317509386,66257.85597717225,5843613.9422237305,5873841.67800943,5723379.08690228,5752984.874100202,0.0,18985.681159130145,49213.416944830235,48664.09794708239
2026-12-31,288567.12712851365,289317.3295532978,281456.99761974846,282188.7154844544,117822.4437745657,81349.32818582175,114919.36592709045,79344.92711419643,5873181.442150373,5909654.557739117,5728469.599544794,5764044.038357689,0.0,22830.413163959853,59303.528752703816,58518.915021861896
2027-01-31,337510.3058131001,338564.45086779044,327828.293061532,328852.1983111387,137892.518660096,95105.95871992933,133936.85537806217,92377.6950514819,5903036.399647551,5945822.959587717,5733698.5373364445,5775257.697663025,0.0,26691.16488547635,69477.724825643,68414.79383445298
2027-02-28,386702.275810163,388112.9755310214,374050.5701636538,375415.1161410761,158088.61134128657,108919.90854792904,152916.43961676012,105356.38511350895,5933181.38128559,5982350.084078947,5739065.987922288,5786626.042425538,0.0,30568.00307249917,79736.7058658567,78351.90547542987
2027-03-31,436145.4539875429,437965.892898346,420125.5967432427,421879.16995315085,178411.600162983,122791.41650021207,171858.44607365987,118281.22168980143,5963618.975735784,6019239.159398555,5744572.041330694,5798149.265714553,0.0,34460.99475196792,90081.17841473882,88330.42174824416
2027-04-30,485842.27878534107,488126.2192266673,466055.13402921014,468246.0552704785,198862.3700737235,136720.72240229632,190763.20152661027,131152.42823880646,5994351.793957533,6056493.441628961,5750216.789974859,5809827.563262663,0.0,38370.20723010112,100511.8549015283,98350.51517219518
2027-05-31,535795.2104016539,538596.9979069086,511840.93670937826,514517.4622051459,219441.81267778703,150708.06707897253,209631.0321064709,143970.22729175744,6025382.469387063,6094116.214985877,5756000.3286543405,5821661.133469054,0.0,42295.70809355988,111029.45369237437,108412.35898541266
2027-06-30,586006.7309798794,589381.2996984576,557484.7529774252,560695.0755027931,240150.8262876627,164753.69235846825,228462.2633027384,156734.84045652195,6056713.658127727,6132110.792056921,5761922.754556665,5833650.177402881,0.0,46237.565210616376,121634.69913981082,118516.12714785188
2027-07-31,636479.3447976104,640482.2229655986,602988.3245796488,606780.5745870378,260990.31597694382,178857.84107662854,247257.21996916144,169446.48842143264,6088348.039141907,6170480.514042223,5767984.167258953,5845794.898806682,0.0,50195.84673232728,132328.32163264256,128661.99434430126
2027-08-31,687215.5784571263,691902.8939159504,648353.3868615503,652775.6336037446,281961.19363365043,193020.7570811145,266016.22632934497,182105.39095910307,6120288.314444524,6209228.75099706,5774184.668729591,5858095.504099833,0.0,54170.621093711976,143111.0576462479,138850.13598740252
2027-09-30,738217.9810774974,743646.466840926,693581.6688142376,698681.9214651384,303064.37801398337,207242.68523561914,284739.60598234326,194711.76693022714,6152537.209298176,6248358.90207654,5780524.36332995,5870552.202382065,0.0,58161.957014935775,153983.64979329996,149080.72822068338
2027-10-31,789489.1244883155,795716.1243582305,738674.8931206512,744501.1018937649,324300.7947965137,221523.87142410091,303427.6819082419,207265.83428736313,6185097.472409914,6287874.395782326,5787003.3578161355,5883165.205437014,0.0,62169.92350249801,164946.84687491079,159353.9479216029
2027-11-30,841031.6034250648,848115.0776564166,783634.7762016122,790234.8334662971,345671.3766368113,235864.56255503464,322080.77647372975,219767.81007870185,6217971.876129669,6327778.690211446,5793621.7613407895,5895934.727735817,0.0,66194.58985042508,176001.4039322017,169669.97270460956
2027-12-31,892848.0357261454,900846.5667415119,828463.0282616952,835884.7696571908,367177.0632225155,250265.0065656806,340699.21143765963,232217.91045181928,6251163.216650352,6368075.273307187,5800379.685454928,5908860.986440768,0.0,70236.02564146851,187148.08229830337,180028.9809242121
2028-01-31,944941.062531565,953913.8606857385,873161.3533349241,881452.558882188,388818.8013288522,264725.452426371,359283.3079565984,244616.35065741345,6284674.314209622,6408767.663112103,5807277.244109818,5921944.201409003,0.0,74294.30074830797,198387.64965078922,190431.151678063
2028-02-29,997313.3484833118,1007320.2578783394,917731.4493302963,926939.8445416727,410597.5448746007,279246.15014481416,377833.3865903671,256963.3450530258,6318508.01329336,6449859.408023147,5814314.553658896,5935184.595196238,0.0,78369.48533475926,209720.88006454578,200876.66481005494
2028-03-31,1049967.5819274231,1061069.0862785322,962175.0080771324,972348.2650638752,432514.2549785138,293827.3507704176,396349.7673075703,269259.10710674775,6352667.1828408465,6491354.087048942,5821491.73285974,5948582.393060562,0.0,82461.64985698742,221148.55406508365,211365.70091343016
2028-04-30,1102906.4751177635,1115163.7036706067,1006493.7153702542,1017679.4539479304,454569.9000161955,308469.3063986277,414832.76949111524,281503.84940091067,6387154.71645166,6533255.310069228,5828808.90287606,5962137.822966265,0.0,86570.86506472487,232671.45868229266,221898.4413339028
2028-05-31,1156132.7644215273,1169607.4979211837,1050689.2510149924,1062935.0398067879,476765.45567743917,323172.2701752886,433282.71194372064,293697.78363576165,6421973.532594315,6575566.718096466,5836266.187279751,5975851.1155877095,0.0,90697.20200249455,244290.3875046451,232475.06817279407
2028-06-30,1209649.2105264799,1224403.8872386543,1094763.2888720233,1108116.646409977,499101.9050240312,337936.496301019,451699.9128934162,305841.1206331236,6457126.574816654,6618291.983539667,5843863.712052974,5989722.504313267,0.0,94840.73201083828,256006.14073385045,243095.7642901807
2028-07-31,1263458.598649952,1279556.3204348183,1138717.4969020397,1153225.8927262283,521580.23854802235,352762.24003560655,470084.6899990309,317934.0703400401,6492616.811958002,6661434.810470418,5851601.605590289,6003752.22524928,0.0,99001.52672755011,267819.5252399659,253760.71330805644
2028-08-31,1317563.738749602,1335068.2771887383,1182553.5372102496,1198264.3929659477,544201.4542304722,367649.75770242163,488437.36035567254,329976.8418324052,6528447.238363102,6704998.934891153,5859479.998700824,6017940.517224092,0.0,103179.6580889149,279731.3546169656,264470.0996135067
2028-09-30,1371967.4657359612,1390943.2683128312,1226273.0660907116,1243233.75662355,566966.5576006699,382599.30669284833,506758.2405001967,341969.6433185777,6564620.874097852,6748988.125005674,5867499.0246104775,6032287.621792097,0.0,107375.19833095204,291742.4492387736,275224.1083618963
2028-10-31,1426672.6396867766,1447184.8360212117,1269877.734070505,1288135.5885196524,589876.5617958342,397611.1454707352,525047.646416666,353912.68214298197,6601140.765166841,6793406.18149194,5875658.818964176,6046793.78323786,0.0,111588.21999066434,303853.6363157634,286022.9254800709
2028-11-30,1481682.146063167,1503796.5542003112,1313369.1859537328,1332971.4888431216,612932.4876212992,412685.5335768633,543305.8935418009,365806.1647896916,6638009.983732732,6838256.937777168,5883959.519828173,6061459.248580283,0.0,115818.79590729211,316065.7499517281,296866.7376695712
2028-12-31,1536998.8959276064,1560782.0286817877,1356749.060865362,1377743.0531929866,636135.3636111869,427822.73163343355,561533.2967704192,377650.29688599997,6675231.628337461,6883544.260315214,5892401.267692376,6076284.267576796,0.0,120066.9992235725,328379.6312013258,307755.73240986106
2029-01-31,1592625.826163752,1618144.8975177477,1400018.992294903,1422451.872620209,659486.2260895723,443023.00134857284,579730.1704608672,389445.283205975,6712808.824125314,6929272.048866314,5900984.205472727,6091269.09272762,0.0,124332.90338700404,340796.1281280035,318690.0979615688
2029-02-28,1648565.8996981296,1675888.8312583002,1443180.608139926,1467099.533669317,682986.1192321455,458286.60552085855,597896.8284404421,401191.32767400006,6750744.723067866,6975444.236779152,5909708.478513625,6106413.979280067,0.0,128616.58215111656,353316.0958624035,329670.023369742
2029-03-31,1704822.1057236951,1734017.5332314598,1486235.530749417,1511687.618419901,706636.0951283728,473613.8080438621,616033.5840108033,412888.63336829876,6789042.504190804,7022064.791275316,5918574.234590375,6121719.1852328805,0.0,132918.1095767462,365940.39666125685,340695.6984671159
2029-04-30,1761397.459925285,1792534.7398254208,1529185.3769669742,1556217.7045279753,730437.2138441629,489004.8739107115,634140.7499533765,424537.4025244469,6827705.373802675,7069137.713736126,5927581.623911709,6137184.971340638,0.0,137237.560033316,378669.8999667673,351767.3138773955
2029-05-31,1818295.0047069741,1851444.220773222,1572031.7581738476,1600691.3652672006,754390.5434850417,504460.0692186728,652218.6385347473,436137.8365388683,6866736.565725519,7116667.039991888,5936730.799122308,6152811.601118187,0.0,141575.0082001215,391505.48246649036,362885.06101855135
2029-06-30,1875517.8094213535,1910749.779439821,1614776.2803318177,1645110.169569977,778497.1602598397,519979.66117375065,670267.5615120471,447690.135972317,6906139.341527475,7164656.8406135645,5946021.9153054105,6168599.340845141,0.0,145930.529067622,404448.0281537111,374049.1321061286
2029-07-31,1933068.9706007491,1970455.2531116006,1657420.5440259215,1689475.6820684017,802758.1485448962,535563.9180953079,688287.8301383292,459194.5005533447,6945916.990757313,7213111.221206902,5955455.129985425,6184548.45957041,0.0,150304.19793873708,417498.4283883254,385259.72015657084
2029-08-31,1990951.6121903935,2030564.513288325,1699966.1445070207,1733789.4631350923,827174.6009487846,551213.109420705,706279.7551679361,470651.1291817541,6986072.831180942,7262034.322709022,5965030.603130605,6200659.229116787,0.0,154696.09043014847,430657.5819582281,396517.01899055653
2029-09-30,2049168.885783568,2091081.4659775668,1742414.6717342166,1778053.0689238827,851747.6183775638,566927.5057099579,724243.646861859,482060.21993203723,7026610.209019911,7311430.321687516,5974748.497155763,6216931.9240855845,0.0,159106.28247360743,443926.3951412133,407821.2232363505
2029-10-31,2107723.970858734,2152010.0519916294,1784767.7104171102,1822268.051410386,876478.3101005587,582707.3786504162,742179.814993088,493421.9700568007,7067532.499191893,7361303.430642037,5984608.976925021,6233366.82186131,0.0,163534.85031724744,457305.7817673901,419172.52833316865
2029-11-30,2166620.0750186667,2213354.2472469797,1827026.8400579111,1866435.9584324288,901367.7938166752,598553.0010614595,760088.5688519536,504736.575990175,7108843.105553214,7411657.89830843,5994612.209754614,6249964.202616392,0.0,167981.87052690264,470796.66328211833,430571.13053455687
2029-12-31,2225860.43423161,2275118.0630662167,1869193.6349933937,1910558.3337303556,926417.1957212535,614464.6468992156,777970.2172514607,516004.2333512117,7150545.461143386,7462498.0099654235,6004758.365415716,6266724.349315965,0.0,172447.4199874314,484399.9688094693,442017.2269117842
2030-01-31,2285448.3130744714,2337305.546482595,1911269.664436705,1954636.7169872087,951627.6505734648,630442.5912612956,795825.068532613,527225.1369472647,7192643.028431713,7513828.087743882,6015047.616137331,6283647.5477226805,0.0,176931.5759040457,498116.63521621487,453511.01535724994
2030-02-28,2345387.004978069,2399920.7805471276,1953256.4925190203,1998672.643868778,977000.3017642552,646487.110391551,813653.4305697314,538399.4807773591,7235139.299565964,7565652.490938669,6025480.136609217,6300734.086401589,0.0,181434.41580364588,511947.60717634996,465052.69458790513
2030-03-31,2405679.832474452,2462967.8846382834,1995155.678331051,2042667.6460635266,1002536.3013848409,662598.4816848491,831455.6107757607,549527.4580355443,7278037.796623131,7617975.616323123,6036056.103984843,6317984.25672506,0.0,185956.01753616106,525893.8372361528,476642.4641486881
2030-04-30,2466330.1474463115,2526451.0147743095,2036968.7759644063,2086623.2513223921,1028236.8102957617,678776.9836918693,849231.9161075726,560609.2611142349,7321342.071862277,7670801.898466169,6046775.697884402,6335398.35287774,0.0,190496.45927589506,539956.2858797874,488280.5244159743
2030-05-31,2527341.331378497,2590374.363928194,2078697.3345528063,2130540.983498463,1054102.9981964931,695022.8961239188,866982.6530712568,571645.081607537,7365055.707979529,7724135.810052103,6057639.100397864,6352976.671861584,0.0,195055.81952287795,554135.9215954522,499967.07660104084
2030-06-30,2588716.79561166,2654742.162345295,2120342.8983131503,2174422.3625865323,1080136.043695626,711336.4998577684,884708.1277274067,582635.1103145595,7409182.318365195,7777981.862203052,6068646.496088058,6370719.513500905,0.0,199634.1771042233,568433.720942081,511702.3227535452
2030-07-31,2650459.981598037,2719558.6778636537,2161907.006586441,2218268.9047625293,1106337.1343816165,727718.0769405093,902408.6456963969,593579.537242715,7453725.547363045,7832344.604804152,6079798.07199382,6388627.180447502,0.0,204231.6111754909,582850.6686165982,523486.4657650183
2030-08-31,2712574.3611593954,2784828.2162370216,2203391.1938785617,2262082.1224228297,1132707.4668941093,744167.9105944281,920084.5121636522,604478.5516110025,7498689.070531758,7887228.626831438,6091094.017633163,6406699.978185812,0.0,208848.20122205545,597387.7575217366,535319.7093723726
2030-09-30,2775063.4367471603,2850555.121460617,2244796.989900918,2305863.5242234473,1159248.2469958419,760686.2852219049,937736.0318849095,615332.3418532806,7544076.594908573,7942638.55668251,6102534.525006498,6424938.215038127,0.0,213484.02706048067,612045.9888344177,547202.2581614242
2030-10-31,2837930.7417047317,2916743.776099638,2286125.9196109264,2349614.6151191024,1185960.6896451346,777273.4864103295,955363.5091914729,626141.0956215241,7589891.85927515,7998579.062509956,6114119.788599899,6443342.202169848,0.0,218139.16883989933,626826.3720747045,559134.3175704301
2030-11-30,2901179.840532025,2983398.6016205545,2327379.5032523745,2393336.896402175,1212846.019068967,793929.8009370391,972967.2479954602,636904.9997890696,7636138.634425651,8055054.85255758,6125850.005388405,6461912.253594796,0.0,222813.7070433989,641729.925175327,571116.0938936402
2030-12-31,2964814.3291522386,3050524.058725201,2368559.256395629,2437031.865741542,1239905.4688366516,810655.5167742767,990547.5517950433,647624.2404538452,7682820.7234370895,8112070.675499465,6137725.374839378,6480648.686180577,0.0,227507.72248941305,656757.674551788,583147.7942848637
2031-01-31,3028837.835180881,3118124.6476876964,2409666.689977717,2480701.0172212915,1267140.2819341035,827450.9230941696,1008104.72367968,658299.0029415888,7729941.961941918,8169631.320781852,6149746.09891588,6499551.819653971,0.0,232221.29633311892,671910.6551730529,595229.6267610507
2031-02-28,3093254.018197064,3186204.908694212,2450703.310342257,2524345.8413793277,1294551.7108387167,844316.3102737286,1025639.0663353399,668929.471809051,7777506.218402939,8227741.618967927,6161912.382080119,6518621.976606408,0.0,236954.51006784025,687189.9106328284,607361.8002058883
2031-03-31,3158066.570017088,3254769.4221856114,2491670.6192792607,2567967.825245857,1322141.017594848,861251.9698998691,1043150.8820497224,679515.8308471877,7825517.394390488,8286406.442085467,6174224.43129692,6537859.482499456,0.0,241707.44552645626,702596.4932214352,619544.5243734128
2031-04-30,3223279.2149703423,3323822.8092029905,2532570.1140647987,2611568.4523817617,1349909.4738899157,878258.1947744519,1060640.4727174689,690058.2630843364,7873979.424861966,8345630.703977429,6186682.456037253,6557264.665670386,0.0,246480.18488281648,718131.4639982805,631778.0098916354
2031-05-31,3288895.7101775254,3393369.7317361357,2573403.2875005235,2655149.2029168615,1377858.3611311167,895335.2789193455,1078108.139845367,700556.9507893807,7922896.278443696,8405419.360655468,6199286.668281781,6576837.857337767,0.0,251272.81065316155,733795.8928649328,644062.4682661839
2031-06-30,3354919.845831223,3463414.893074931,2614171.6279530674,2698711.5535880593,1405988.970522767,912483.5175815093,1095554.1845575478,711012.0754749019,7972271.957715169,8465777.410656426,6212037.282524484,6596579.39160713,0.0,256085.40569754972,749590.8586388072,656398.1118839596
2031-07-31,3421355.445478849,3533963.0381637346,2654876.6193932993,2742256.9777773796,1434302.6031442732,929703.207238099,1112978.907600677,721423.8179003173,8022110.499495644,8526709.895401819,6224934.515776301,6616489.605476661,0.0,260918.0532212895,765517.4491274639,668785.1540168094
2031-08-31,3488206.3663079794,3605018.95395875,2695519.741435454,2785786.945549894,1462800.5700287388,946994.645601591,1130382.6093491416,731792.3580750048,8072415.975133179,8588221.899560327,6237978.58756882,6636568.838842957,0.0,265770.8367763782,781576.761203526,681223.8088252128
2031-09-30,3555476.4994340893,3676587.469788419,2736102.4693761277,2829302.9236915377,1491484.1922422065,964358.1316249309,1147765.5898102247,742117.8752614156,8123192.490796059,8650318.551413335,6251169.719958019,6656817.434506828,0.0,270643.84026294644,797769.9008802221,693714.2913619844
2031-10-31,3623169.7701907232,3748673.4577168636,2776626.27423314,2872806.3757468164,1520354.8009635499,981793.9655067014,1165128.148629279,752400.5479781732,8174444.187766702,8713005.023223551,6264508.137528045,6677235.738179152,0.0,275537.1479307087,814097.9833875572,706256.8175759927
2031-11-30,3691290.1384221124,3821281.8329103934,2817092.6227842723,2916298.7620564075,1549413.7375650129,999302.4486963127,1182470.5850948931,762640.5540031601,8226175.24273799,8776286.53160669,6277994.067395033,6697824.098486765,0.0,280450.84438042,830562.1332491202,718851.6043158927
2031-12-31,3759841.5987782623,3894417.554007116,2857502.977605873,2959781.5397946527,1578662.3536934052,1016883.883899214,1199793.1981440478,772838.070376591,8278389.868112123,8840168.337906314,6291627.739210982,6718582.866978439,0.0,285385.0145653384,847163.4843595296,731498.8693338756
2032-01-31,3828828.18101253,3968085.6234896686,2897858.7971113343,3003256.1630069446,1608102.011351959,1034538.5750821274,1217096.2863672713,782993.273404074,8331092.312301948,8904655.74857178,6305409.385167655,6739512.398130852,0.0,290339.74379269395,863903.1800625257,744198.8312894334
2032-02-29,3898253.9502817127,4042291.0880611,2938161.5355894417,3046724.0826470056,1637734.0829828528,1052266.8274783029,1234380.1480137857,793106.3386596588,8384286.860034835,8969754.115539385,6319339.240000537,6760613.049354664,0.0,295315.1177251635,880782.3732297134,756951.7097531394
2032-03-31,3968123.0074486695,4117039.039023928,2978412.643242602,3090186.7466140687,1667559.951550405,1070068.9475927958,1251645.0809966465,803177.4409888717,8437977.832659097,9035468.836616706,6333417.540992839,6781885.181000614,0.0,300311.2223823517,897802.2263399609,769757.7252104442
2032-04-30,4038439.4893874954,4192334.6126624006,3018613.5662249387,3133645.5997899496,1697581.0106249484,1087945.243207766,1268891.3828978809,813206.7545117397,8492169.588452965,9101805.355870148,6347644.527979528,6803329.156365669,0.0,305328.1441422782,914963.9115594606,782617.0990654877
2032-05-31,4109207.5692912703,4268182.990627985,3058765.746680267,3177102.0840760134,1727798.6644673832,1105896.023387798,1286119.3509736122,823194.4526257988,8546866.52293618,9168769.164015766,6362020.443351421,6824945.341699235,0.0,310365.969742871,932268.6108224561,795530.0536449272
2032-06-30,4180431.4569824054,4344589.4003281165,3098870.6227799463,3220557.6384300487,1758214.3281144244,1123921.5984852475,1303329.282159189,833140.7080090945,8602073.06918417,9236365.798813345,6376545.53205931,6846734.106209404,0.0,315424.7862834663,949717.5159126432,808496.8122017811
2032-07-31,4252115.399225607,4421559.115318228,3138929.628760604,3264013.698903031,1788829.4274645369,1142022.2801456025,1320521.4730742977,843045.6926231645,8657793.698144877,9304600.845463812,6391220.041618137,6868695.82206927,0.0,320504.6812263141,967311.8285452485,821517.5989192885
2032-08-31,4324263.68004348,4499097.455697092,3178944.194961748,3307471.698675792,1819645.3993645776,1160198.381312876,1337696.2200280793,852909.5777160146,8714032.918958249,9373479.93700995,6406044.222111211,6890830.864423276,0.0,325605.7423980904,985052.7604497921,834592.6389147855
2032-09-30,4396880.621034799,4577209.788505509,3218915.7478632447,3350933.068095588,1850663.6916971374,1178450.2162350127,1354853.8190242343,862732.5338250767,8770795.279278377,9443008.754740503,6421018.326194472,6913139.61139363,0.0,330728.0579914158,1002941.5334535404,847722.158243597
2032-10-31,4469970.581695452,4655901.528128346,3258845.7101226877,3394399.2347125662,1881885.7634685985,1196778.1004693252,1371994.565766124,872514.7307801592,8828085.365598379,9513193.028597653,6436142.609100793,6935622.444086758,0.0,335871.71656638,1020979.3795656532,860906.3839029453
2032-11-30,4543537.959742106,4735178.136699993,3298735.5006126417,3437871.6233161385,1913313.084897908,1215182.3508879475,1389118.7556618685,882256.3377063827,8885907.803577961,9584038.537587922,6451417.328644331,6958279.746599817,0.0,341036.80705207324,1039167.5410620336,874145.5438358743
2032-12-31,4617587.191438588,4815045.124513226,3338586.53445777,3481351.6559712566,1944947.1375060743,1233663.2856833139,1406226.683829436,891957.5230271032,8944267.25837376,9655551.110196522,6466842.745224921,6981111.906027255,0.0,346223.4187481236,1057507.2705708838,887439.8669351904
2033-01-31,4692122.751925036,4895508.05043153,3378400.2230718457,3524840.75205459,1976789.414206395,1252221.224373661,1423318.645101731,901618.4544668248,9003168.434972437,9727736.624805171,6482419.12183252,7004119.312467426,0.0,351431.64132624073,1075999.8311589744,900789.5830474204
2033-02-28,4767149.155549807,4976572.5223049065,3418177.974194639,3568340.328290608,2008841.4193954172,1270856.4878085514,1440394.9340316732,911239.2990540996,9062616.078526573,9800601.010113439,6498146.724051684,7027302.359029258,0.0,356661.5648317667,1094646.4964186326,914194.9229767846
2033-03-31,4842670.956204195,5058244.197389185,3457921.1919287005,3611851.7987875706,2041104.6690446425,1289569.3981744202,1457455.8448972763,920820.2231244144,9122614.974693364,9874150.245563585,6514025.820066094,7050661.441838956,0.0,361913.2796852324,1113448.5505554546,927656.1184891879
2033-04-30,4918692.747659973,5140528.782768882,3497631.276776018,3655376.5750734224,2073580.6907929762,1308360.279000147,1474501.671706717,930361.3923230685,9183169.94997618,9948390.36176901,6530056.680663141,7074196.96004679,0.0,367186.87668392085,1132407.28847675,941173.4023162262
2033-05-31,4995219.163909774,5223432.035783623,3537309.6256745667,3698916.0661315974,2106271.0240399335,1327229.4551626476,1491532.7082034028,939862.9716080349,9244285.872068966,10023327.440946251,6546239.579238529,7097909.315833897,0.0,372482.4470034372,1151524.015880723,954747.0081592104
2033-06-30,5072254.879510349,5306959.764458176,3576957.6320347427,3742471.678436727,2139177.220039603,1346177.252892492,1508549.2478710345,949325.125252815,9305967.650203537,10098967.617350647,6562574.791800947,7121798.914419167,0.0,377800.08219928487,1170800.0493463958,968377.1706932072
2033-07-31,5149804.609928711,5391117.827936098,3616576.6857756856,3786044.815990261,2172300.841995378,1365203.999779544,1525551.5839386631,958748.0168492764,9368220.235499788,10175317.07771562,6579062.596976771,7145866.164066157,0.0,383139.8742084486,1190236.7164242824,982064.1255710955
2033-08-31,5227873.111891209,5475912.136917061,3656168.1733614854,3829636.8803559956,2205643.46515546,1384310.0247786255,1542540.0093857422,968131.8093104827,9431048.621318832,10252382.061695667,6595703.276014818,7170111.476090078,0.0,388501.9153509838,1209835.355727818,995808.1094276417
2033-09-30,5306465.183735533,5561348.654097859,3695733.477837287,3873249.2706955154,2239206.6769091403,1403495.658215203,1559514.8169471778,977476.6648735098,9494457.8436191,10330168.86231304,6612497.112791142,7194535.264864812,0.0,393886.2983316129,1229597.31702555,1009609.3598835903
2033-10-31,5385585.665765692,5647433.394617134,3735273.978865274,3916883.3838035404,2272992.0768838683,1422761.2317910998,1576476.299118372,986782.7451022505,9558452.981315441,10408683.826408211,6629444.393813883,7219137.947830006,0.0,399293.11624132795,1249523.9613340963,1023468.1155497718
2033-11-30,5465239.440609987,5734172.426503869,3774791.0527605545,3960540.6141431937,2307001.2770431093,1442107.0785902292,1593424.7481602626,996050.2108902078,9623039.156641195,10487933.355094075,6646545.408228143,7243919.945498198,0.0,404722.4625590001,1269616.6610118803,1037384.6160312291
2033-12-31,5545431.433581997,5821571.8711296525,3814286.072526927,4004222.3538811738,2341235.901785005,1461533.533084355,1610360.456104361,1005279.2224632775,9688221.535513336,10567923.904213985,6663800.447820927,7268881.68146201,0.0,410174.43115299597,1289876.799853646,1051359.1019313592
2034-01-31,5626166.613044607,5909637.903664769,3853760.407892549,4047929.9929228453,2375697.5880418327,1481040.931138873,1627283.7147577822,1014469.939382517,9754005.327900661,10648661.98480362,6681209.807026118,7294023.582401383,0.0,415649.1162828001,1310305.7731857595,1065391.8148560731
2034-02-28,5707449.990777113,5998376.753538132,3893215.4253454935,4091664.918947243,2410387.9853802808,1500629.6100186184,1644194.8157082726,1023622.5205469049,9820395.788195066,10730154.163556729,6698773.7829295015,7319346.078090869,0.0,421146.6126006451,1330904.9879623074,1079482.9974179734
2034-03-31,5789286.622345405,6087794.704901105,3932652.4881692007,4135428.5174419917,2445308.7561025415,1520299.908393696,1661094.0503292363,1032737.1241960878,9887398.215585932,10812407.063294778,6716492.675273838,7344849.601406987,0.0,426667.0151531478,1351675.8628619933,1093632.8932405482
2034-04-30,5871681.607475287,6177898.097095228,3972072.9564778246,4179222.171738141,2480461.5753482273,1540052.1663453365,1677981.709784754,1041813.9079131166,9955017.95443765,10895427.36344054,6734366.786463977,7370534.588335613,0.0,432210.41938295256,1372619.8283858432,1107841.7469623839
2034-05-31,5954640.090428934,6268693.325123899,4011478.1872514766,4223047.263044917,2515848.131197119,1559886.7253717752,1694858.085034599,1050853.02862717,10023260.394670306,10979221.80049565,6752396.421572009,7396401.477979438,0.0,437776.9211303815,1393738.3269557252,1122109.8042413937
2034-06-30,6038167.2603845205,6360186.840128029,4050869.534371363,4266905.170484394,2551470.1247727554,1579803.9283941574,1711723.4668392513,1059854.6426162687,10092130.972143564,11063797.168522162,6770581.888342488,7422450.7125654705,0.0,443366.6166350914,1415032.8130136896,1136437.311759066
2034-07-31,6122268.3518190505,6452385.149865714,4090248.3486548224,4310797.271126081,2587329.270346866,1599804.1197624665,1728578.1457649083,1068818.9055099774,10161635.169043757,11149160.319628155,6788923.497197669,7448682.737452598,0.0,448979.60253773764,1436504.753122137,1150824.5172247288
2034-08-31,6206948.6448944155,6545294.819195949,4129615.977890261,4354724.940021431,2623427.2954446534,1619887.6452614767,1745422.4121884876,1077745.9722920938,10231778.514274225,11235318.1644574,6807421.561242814,7475098.001139207,0.0,454615.9758816449,1458155.6260648214,1165271.6693798318
2034-09-30,6292213.465846701,6638922.470566427,4168973.7668719846,4398689.550238266,2659765.940950942,1640054.8521167329,1762256.5563026324,1086635.9973033299,10302566.583848923,11322277.672683135,6826076.396271536,7501696.95527084,0.0,460275.8341144851,1479986.9229486948,1179779.0180022477
2034-10-31,6378068.187378775,6733274.784505454,4208323.057434935,4442692.472895127,2696346.961217191,1660306.0890005524,1779080.868120712,1095489.13424398,10374005.001289342,11410045.87350598,6844888.320771193,7528480.054647925,0.0,465959.27508996206,1502000.1473066006,1194346.8139105903
2034-11-30,6464518.229056187,6828358.500118004,4247665.1884893235,4486735.077195545,2733172.124169373,1680641.7060380545,1795895.6374818136,1104305.5361765774,10446099.438024715,11498629.856156034,6863857.655928316,7555447.757233553,0.0,471666.39706950355,1524196.8152008222,1208975.308968551
2034-12-31,6551569.057706393,6924180.415585971,4287001.496055163,4530818.730462232,2770243.2114167493,1701062.0548132132,1812701.1540557414,1113085.3555285418,10518855.613795623,11588036.770399159,6882984.725634099,7582600.524161298,0.0,477397.29872395983,1546578.4553274957,1223664.7560892534
2035-01-31,6639226.187821357,7020747.388672631,4326333.313296711,4574944.798171196,2807562.0183615168,1721567.488374935,1829497.7073480012,1121828.7440948137,10592279.297060959,11678273.82704754,6902269.856489929,7609938.819743116,0.0,483152.0791353097,1569146.6091218914,1238415.4092396253
2035-02-28,6727495.181963531,7118066.33723136,4365661.970556807,4619114.643985781,2845130.354309364,1742158.3612431637,1846285.586704793,1130535.8530404782,10666376.305408295,11769348.298474496,6921713.377812961,7637463.111477275,0.0,488930.8377983734,1591902.8308645738,1253227.5234447904
2035-03-31,6816381.651175267,7216144.239718648,4404988.795391118,4663329.62979063,2882950.042580922,1762835.0294150105,1863065.0813179908,1139206.832903381,10741152.505967718,11861267.519133631,6941315.621641745,7665173.870056355,0.0,494733.6746225333,1614848.6877884453,1268101.354792477
2035-04-30,6905891.255391665,7314988.135711428,4444315.112602291,4707591.115725577,2921022.9206241276,1783597.8503709063,1879836.4802301286,1147841.8335967278,10816613.815829085,11954038.886082307,6961076.922741889,7693071.56937529,0.0,500560.68993346056,1637985.7601866822,1283037.1604374456
2035-05-31,6996029.703856907,7414605.12642878,4483642.244273998,4751900.460219457,2959350.8401275063,1804447.1830807847,1896600.072339376,1156441.004411679,10892766.202462818,12047669.859509539,6980997.61861178,7721156.686539477,0.0,506411.98447484995,1661315.6415215712,1298035.1986059349
2035-06-30,7086802.755544097,7515002.375258027,4522971.509804909,4796259.0200238535,2997935.667134377,1825383.3880102881,1913356.1464045162,1165004.4940199296,10969615.684144199,12142167.96326829,7001078.049488345,7749429.701872933,0.0,512287.6594101618,1684839.938534251,1313095.7286001262
2035-07-31,7178216.219578632,7616187.108285262,4562304.225942551,4840668.150246766,3036779.282157996,1846406.8271269975,1930104.9910499211,1173532.4504762783,11047168.330381233,12237540.785412233,7021318.558352869,7777891.0989265125,0.0,518187.8163243708,1708560.2713553696,1328219.0108026266
2035-08-31,7270275.955665142,7718166.6148303645,4601641.706817088,4885129.204386212,3075883.580297635,1867517.8639066932,1946846.894770521,1182025.02122119,11125430.262346089,12333795.978737032,7041719.490936846,7806541.364486177,0.0,524112.55722572235,1732478.2736166643,1343405.3066809708
2035-09-30,7362987.874518027,7820948.247986507,4640985.263974999,4929643.534363748,3115250.4713556115,1888716.8633396379,1963582.1459367753,1190482.3530833428,11204407.653310144,12430941.261326117,7062281.195727884,7835380.988581317,0.0,530061.9845474962,1756595.59256347,1358654.8787921416
2035-10-31,7456357.938295611,7924539.425164225,4680336.206412679,4974212.490557934,3154881.879955274,1910004.1919368864,1980311.0327996388,1198904.5922821674,11284106.729082696,12528984.417101083,7083004.023975663,7864410.464493134,0.0,536036.2011497774,1780913.8891681654,1373967.990787109
2035-11-30,7550392.161037967,8028947.628640067,4719695.840609934,5018837.42183772,3194779.745659955,1931380.2177366232,1997033.8434955275,1207291.884430374,11364533.768453332,12627933.296376664,7103888.329697928,7893630.288763083,0.0,542035.3103212347,1805434.8382445667,1389344.9074153884
2035-12-31,7645096.609108411,8134180.406109872,4759065.470563402,5063519.675595763,3234946.0230928906,1952845.3103105258,2013750.8660512813,1215644.374536472,11445695.103638006,12727795.81642037,7124934.469686545,7923040.961201355,0.0,548059.4157809066,1830160.1285632714,1404785.8945296193
2036-01-31,7740477.401638728,8240245.371246709,4798446.397819875,5108260.597781684,3275382.682058125,1974399.8407701529,2030462.3883891238,1223962.207007275,11527597.120728862,12828579.962016834,7146142.80351359,7952642.984895439,0.0,554108.6216799937,1855091.4629679653,1420291.2190901593
2036-02-29,7836540.710978135,8347150.204263516,4837839.921509531,5153061.53293525,3316091.7076624,1996044.181773362,2047168.6983316224,1232245.5256503986,11610246.26014781,12930293.786036847,7167513.693537492,7982436.866218716,0.0,560183.0326036604,1880230.5584926982,1435861.1491697016
2036-03-31,7933292.763146033,8454902.652480489,4877247.338379098,5197923.824219491,3357075.1004380463,2017778.707530751,2063870.0836066464,1240494.4736767455,11693649.017103914,13032945.41001121,7189047.5049092285,8012423.114839129,0.0,566282.7535728422,1905579.1464801372,1451495.9539579088
2036-04-30,8030739.838288565,8563510.530897249,4916669.942824905,5242848.81345376,3398334.8764668717,2039603.7938121292,2080566.83185232,1248709.1937029832,11777811.942054605,13136543.024709348,7210744.605578558,8042602.2437278945,0.0,572407.8900460624,1931138.972700805,1467195.9037660668
2036-05-31,8128888.27113902,8672981.722769827,4956109.026925868,5287837.841146715,3439873.06750507,2061519.817953013,2097259.2306219796,1256889.8277540081,11862741.641170751,13241094.89072281,7232605.366300313,8072974.769168285,0.0,578558.5479212543,1956911.7974733117,1482961.2700317586
2036-06-30,8227744.45148211,8783324.180192517,4995565.880476386,5332892.246529246,3481691.7211091467,2083527.1588611505,2113947.5673891227,1265036.5172654022,11948444.776805641,13346609.339053636,7254630.160640732,8103541.210764452,0.0,584734.8335375929,1982899.3957855892,1498792.3253235575
2036-07-31,8327314.824622157,8894545.92468463,5035041.791019146,5378013.367587335,3481691.7211091467,2183976.445115412,2113947.5673891227,1320523.230278673,12077029.247621598,13374744.523615332,7302275.493816745,8086928.26425753,100449.28625426165,584734.8335375929,1982899.3957855892,1498792.3253235575
2036-08-31,8427956.735019004,9006002.129048092,5074749.29805904,5422809.3973007295,3481691.7211091467,2285262.808755126,2113947.5673891227,1376031.7238487052,12206685.255694354,13403114.168048374,7350045.732386271,8070454.839129557,201735.64989397547,584734.8335375929,1982899.3957855892,1498792.3253235575
2036-09-30,8529679.11214979,9117694.747115161,5114688.477174033,5467282.842449934,3481691.7211091467,2387393.2254251707,2113947.5673891227,1431562.9533087923,12337421.73050105,13431720.226185026,7397941.696674944,8054120.649349878,303866.06656402024,584734.8335375929,1982899.3957855892,1498792.3253235575
2036-10-31,8632490.959903965,9229625.749000037,5154859.410436174,5511436.197040183,3481691.7211091467,2490374.728900799,2113947.5673891227,1487117.8743672306,12469247.675931133,13460564.66813948,7445964.2091589365,8037925.411290022,406847.5700396487,584734.8335375929,1982899.3957855892,1498792.3253235575
2036-11-30,8736401.35720339,9341797.121234532,5195262.186402488,5555271.942374372,3481691.7211091467,2594214.4115720578,2113947.5673891227,1542697.4431237685,12602172.17090647,13489649.480443558,7494114.094479084,8021868.843718784,510687.25271090737,584734.8335375929,1982899.3957855892,1498792.3253235575
2036-12-31,8841419.458627611,9454210.866904896,5235896.900106038,5598792.547125672,3481691.7211091467,2698919.424932244,2113947.5673891227,1598302.61608606,12736204.370006599,13518976.666183501,7542392.179455042,8005950.667797333,615392.2660710933,584734.8335375929,1982899.3957855892,1498792.3253235575
2037-01-31,8947554.495044334,9566869.005789759,5276763.653047134,5642000.467409776,3481691.7211091467,2804496.9800704313,2113947.5673891227,1653934.3501861263,12871353.50409923,13548548.245137945,7590799.293099488,7990170.607074375,720969.8212092806,584734.8335375929,1982899.3957855892,1498792.3253235575
2037-02-28,9054815.774245162,9679773.574499242,5317862.553184695,5684898.146856826,3481691.7211091467,2910954.3481681035,2113947.5673891227,1709593.602796826,13007628.880975965,13578366.253917009,7639336.266632358,7974528.387481354,827427.189306953,584734.8335375929,1982899.3957855892,1498792.3253235575
2037-03-31,9163212.681586629,9792926.626615217,5359193.714927766,5727488.016682991,3481691.7211091467,3018298.860999923,2113947.5673891227,1765281.331748329,13145039.885993341,13608432.746102564,7688003.933495113,7959023.737327686,934771.7021387726,584734.8335375929,1982899.3957855892,1498792.3253235575
2037-04-30,9272754.680636574,9906330.23283274,5400757.259127195,5769772.495761716,3481691.7211091467,3126537.9114386747,2113947.5673891227,1820998.4953446004,13283595.982719194,13638749.792389665,7736803.129365059,7943656.387296044,1043010.7525775239,584734.8335375929,1982899.3957855892,1498792.3253235575
2037-05-31,9383451.3138259,10019986.481102653,5442553.313067456,5811753.990694622,3481691.7211091467,3235678.9539644155,2113947.5673891227,1876746.0523798922,13423306.713584429,13669319.480729159,7785734.69216969,7928426.070437685,1152151.795103265,584734.8335375929,1982899.3957855892,1498792.3253235575
2037-06-30,9495312.20310577,10133897.476775397,5484582.010458627,5853434.895882094,3481691.7211091467,3345729.505177871,2113947.5673891227,1932524.9621552427,13564181.70054021,13700143.916471485,7834799.462101082,7913332.522167803,1262202.3463167204,584734.8335375929,1982899.3957855892,1498792.3253235575
2037-07-31,9608347.050610272,10248065.342745991,5526843.491428517,5894817.59359352,3481691.7211091467,3456697.144318105,2113947.5673891227,1988336.1844949839,13706230.645720622,13731225.222511662,7883998.281630316,7898375.4802609375,1373169.9854569547,584734.8335375929,1982899.3957855892,1498792.3253235575
2037-08-31,9722565.639324611,10362492.219600255,5569337.902514958,5935904.454037205,3481691.7211091467,3568589.513784508,2113947.5673891227,2044180.6797632587,13849463.332110865,13762565.539435502,7933331.9955219375,7883554.684846419,1485062.3549233575,584734.8335375929,1982899.3957855892,1498792.3253235575
2037-09-30,9837977.833758868,10477180.265762217,5612065.3966582315,5976697.835429968,3481691.7211091467,3681414.3196631307,2113947.5673891227,2100059.4088805458,13993889.624221032,13794167.025667049,7982801.450848484,7868869.878403863,1597887.1608019804,584734.8335375929,1982899.3957855892,1498792.3253235575
2037-10-31,9954593.580627376,10592131.657642776,5655026.133193661,6017200.08406639,3481691.7211091467,3795179.332257409,2113947.5673891227,2155973.333340196,14139519.46876545,13826031.857617188,8032407.497005,7854320.805758671,1711652.1733962586,584734.8335375929,1982899.3957855892,1498792.3253235575
2037-11-30,10072422.909533756,10707348.589789586,5698220.277844353,6057413.534387764,3481691.7211091467,3909892.386623306,2113947.5673891227,2211923.415224974,14286362.895347739,13858162.229833579,8082150.985723643,7839907.214077623,1826365.2277621557,584734.8335375929,1982899.3957855892,1498792.3253235575
2037-12-31,10191475.933661655,10822833.2750382,5741648.002714075,6097340.5090507,3481691.7211091467,4025561.383108919,2113947.5673891227,2267910.617223616,14434430.017151544,13890560.35515177,8132032.771088295,7825628.852864467,1942034.2242477685,584734.8335375929,1982899.3957855892,1498792.3253235575
2038-01-31,10311762.85047125,10938587.944664463,5785309.486280309,6136983.318995422,3481691.7211091467,4142194.2878985787,2113947.5673891227,2323935.902647393,14583731.031637048,13923228.464847617,8182053.70954924,7811485.473955578,2058667.1290374282,584734.8335375929,1982899.3957855892,1498792.3253235575
2038-02-28,10433293.94240156,11054614.848538194,5829204.913387439,6176344.263513745,3481691.7211091467,4259799.133561485,2113947.5673891227,2380000.235446683,14734276.221243268,13956168.80879093,8232214.659937858,7797476.831515638,2176271.974700335,584734.8335375929,1982899.3957855892,1498792.3253235575
2038-03-31,10556079.577578587,11170916.255278118,5873334.475240088,6215425.630316722,3481691.7211091467,4378384.019604917,2113947.5673891227,2436104.5802275627,14886075.954096204,13989383.655600432,8282516.483481371,7783602.682033356,2294856.860743766,584734.8335375929,1982899.3957855892,1498792.3253235575
2038-04-30,10680130.210529389,11287494.452408122,5917698.369396613,6254229.695601992,3481691.7211091467,4497957.113032043,2113947.5673891227,2492249.9022683967,15039140.684722913,14022875.292800017,8332960.0438176375,7769862.784317255,2414429.9541708925,584734.8335375929,1982899.3957855892,1498792.3253235575
2038-05-31,10805456.38290208,11404351.746514788,5962296.799762749,6292758.7241207985,3481691.7211091467,4618526.648904395,2113947.5673891227,2548437.1675364515,15193480.954771513,14056646.026976265,8383546.207009976,7756256.899491465,2534999.490043245,584734.8335375929,1982899.3957855892,1498792.3253235575
2038-06-30,10932068.724191843,11521490.463406257,6007129.976585393,6331014.969244708,3481691.7211091467,4740100.930909017,2113947.5673891227,2604667.342704513,15349107.393737184,14090698.183937313,8434275.841562033,7742784.790991568,2656573.7720478666,584734.8335375929,1982899.3957855892,1498792.3253235575
2038-07-31,11059977.952472987,11638912.948272401,6052198.116446549,6369000.673032004,3481691.7211091467,4862688.331930344,2113947.5673891227,2660941.3951675165,15506030.719694236,14125034.10887304,8485149.818432696,7729446.224560498,2779161.1730691935,584734.8335375929,1982899.3957855892,1498792.3253235575
2038-08-31,11189194.875137106,11756621.565846343,6097501.442257416,6406718.066293784,3481691.7211091467,4986297.294626849,2113947.5673891227,2717260.293059192,15664261.740034265,14159656.166516563,8536169.011051051,7716240.968244458,2902770.1357656983,584734.8335375929,1982899.3957855892,1498792.3253235575
2038-09-30,11319730.389637392,11874618.700567314,6143040.183252622,6444169.368659739,3481691.7211091467,5110936.332012491,2113947.5673891227,2773625.00526872,15823811.352210457,14194566.741307111,8587334.295331364,7703168.792388884,3027409.173151341,584734.8335375929,1982899.3957855892,1498792.3253235575
2038-10-31,11451595.484239146,11992906.756744873,6188814.574984616,6481356.788643631,3481691.7211091467,5236614.028043014,2113947.5673891227,2830036.5014573988,15984690.544488119,14229768.237554252,8638646.549688144,7690229.46963447,3153086.8691818635,584734.8335375929,1982899.3957855892,1498792.3253235575
2038-11-30,11584801.238776548,12111488.158724492,6234824.859318191,6518282.523708467,3481691.7211091467,5363339.038207125,2113947.5673891227,2886495.752075328,16146910.396701427,14265263.079603449,8690106.655051196,7677422.774913186,3279811.879345974,584734.8335375929,1982899.3957855892,1498792.3253235575
2038-12-31,11719358.825415727,12230365.351054521,6281071.28442518,6554948.760331363,3481691.7211091467,5491120.090122603,2113947.5673891227,2943003.7283781013,16310482.081016516,14301053.71200306,8741715.494880764,7664748.485444391,3407592.931261452,584734.8335375929,1982899.3957855892,1498792.3253235575
2039-01-31,11855279.509424198,12349540.798654547,6327554.104779273,6591357.674068117,3481691.7211091467,5619965.984137376,2113947.5673891227,2999561.402443517,16475416.862700893,14337142.599672664,8793473.955182688,7652206.3807309335,3536438.8252762253,584734.8335375929,1982899.3957855892,1498792.3253235575
2039-02-28,11992574.649946706,12469016.986985153,6374273.581151,6627511.429617468,3481691.7211091467,5749885.593935606,2113947.5673891227,3056169.7471883018,16641726.10089931,14373532.228072852,8845382.924523627,7639796.242555339,3666358.4350744556,584734.8335375929,1982899.3957855892,1498792.3253235575
2039-03-31,12131255.700787533,12588796.422219094,6421229.980602851,6663412.180885075,3481691.7211091467,5880887.867148821,2113947.5673891227,3112829.736384842,16809421.249416046,14410225.103376374,8897443.294046298,7627517.854975991,3797360.7082876707,584734.8335375929,1982899.3957855892,1498792.3253235575
2039-04-30,12271334.211199334,12708881.631413897,6468423.576484552,6699062.071047179,3481691.7211091467,6012981.825972147,2113947.5673891227,3169542.344677941,16978513.857503757,14447223.752640758,8949655.957484785,7615371.004323394,3929454.6671109963,584734.8335375929,1982899.3957855892,1498792.3253235575
2039-05-31,12412821.826678531,12829275.162685905,6515854.648428473,6734463.232613983,3481691.7211091467,6146176.567785667,2113947.5673891227,3226308.5476015797,17149015.570658863,14484530.723982343,9002021.81117988,7603355.479196441,4062649.4089245163,584734.8335375929,1982899.3957855892,1498792.3253235575
2039-06-30,12555730.289767355,12949979.585385758,6563523.4823452,6769617.787492734,3481691.7211091467,6280481.265780967,2113947.5673891227,3283129.3215957005,17320938.131423596,14522148.586751778,9054541.75409447,7591471.070458745,4196954.106919816,584734.8335375929,1982899.3957855892,1498792.3253235575
2039-07-31,12700071.440862551,13070997.490275357,6611430.3704192415,6804527.847050514,3481691.7211091467,6415905.169592893,2113947.5673891227,3340005.644023002,17494293.3801947,14560079.931710957,9107216.68782897,7579717.571234988,4332378.010731743,584734.8335375929,1982899.3957855892,1498792.3253235575
2039-08-31,12845857.21903084,13192331.489706282,6659575.611104879,6839195.512176735,3481691.7211091467,6552457.605936585,2113947.5673891227,3396938.4931857525,17669093.256038897,14598327.37121146,9160047.516636798,7568094.776907331,4468930.447075435,584734.8335375929,1982899.3957855892,1498792.3253235575
2039-09-30,12993099.662831165,13313984.21779971,6707959.509122177,6873622.873345358,3481691.7211091467,6690147.979249809,2113947.5673891227,3453928.8483426156,17845349.79751513,14636893.53937447,9213035.147439908,7556602.485111851,4606620.820388658,584734.8335375929,1982899.3957855892,1498792.3253235575
2039-10-31,13141810.91114379,13435958.33062783,6756582.375453122,6907812.010676804,3481691.7211091467,6828985.772340642,2113947.5673891227,3510977.6897254935,18023075.143503666,14675781.092272172,9266180.489844345,7545240.495735008,4745458.613479491,584734.8335375929,1982899.3957855892,1498792.3253235575
2039-11-30,13292003.204006322,13558256.506396765,6805444.527337917,6941764.993999597,3481691.7211091467,6968980.547040565,2113947.5673891227,3568085.9985563885,18202281.534042105,14714992.708110688,9319484.456155865,7534008.610910173,4885453.388179415,584734.8335375929,1982899.3957855892,1498792.3253235575
2039-12-31,13443688.883456673,13680881.44563102,6854546.288271419,6975483.882911717,3481691.7211091467,7110141.944862988,2113947.5673891227,3625254.757064283,18382981.311168365,14754531.087414525,9372947.961395605,7522906.635014174,5026614.786001838,584734.8335375929,1982899.3957855892,1498792.3253235575
2040-01-31,13596880.394383077,13803835.871359475,6903887.987999717,7008970.726841661,3481691.7211091467,7252479.687667266,2113947.5673891227,3682484.948502026,18565186.919770677,14794398.95321256,9426571.923315777,7511934.374663892,5168952.528806115,584734.8335375929,1982899.3957855892,1498792.3253235575
2040-02-29,13751590.285381166,13927122.529302914,6953469.962516862,7042227.565109239,3481691.7211091467,7396003.578328244,2113947.5673891227,3739777.557163251,18748910.908444677,14834599.05122558,9480357.262415428,7501091.6387129,5312476.419467093,584734.8335375929,1982899.3957855892,1498792.3253235575
2040-03-31,13907831.209618205,14050744.188063126,7003292.554061733,7075256.42698607,3481691.7211091467,7540723.501411397,2113947.5673891227,3797133.568399302,18934165.930357624,14875134.150055375,9534304.901956243,7490378.238248119,5457196.342550247,584734.8335375929,1982899.3957855892,1498792.3253235575
2040-04-30,14065615.925704518,14174703.639313588,7053356.111115056,7108059.3317558225,3481691.7211091467,7686649.423853578,2113947.5673891227,3854553.9686361835,19120964.744119845,14916007.041375415,9588415.767978396,7479793.986586537,5603122.264992427,584734.8335375929,1982899.3957855892,1498792.3253235575
2040-05-31,14224957.298572185,14299003.697991716,7103660.988396557,7140638.288774151,3481691.7211091467,7833791.395649442,2113947.5673891227,3912039.7453915193,19309320.21466342,14957220.540123126,9642690.789316433,7469338.699271959,5750264.236788292,584734.8335375929,1982899.3957855892,1498792.3253235575
2040-06-30,14385868.300361047,14423647.202492742,7154207.546862268,7172995.297528382,3481691.7211091467,7982159.550543606,2113947.5673891227,3969591.8872915437,19499245.314128194,14998777.484693736,9697130.897615233,7459012.194071785,5898632.391682456,584734.8335375929,1982899.3957855892,1498792.3253235575
2040-07-31,14548362.011312114,14548637.01486519,7204996.15370197,7205132.347696911,3481691.7211091467,8131764.106728556,2113947.5673891227,4027211.384088099,19690753.12275517,15040680.737135762,9751737.027345985,7448814.290973832,6048236.947867405,584734.8335375929,1982899.3957855892,1498792.3253235575
2040-08-31,14712451.620668408,14673976.021007989,7256027.182336784,7237051.419208326,3481691.7211091467,8282615.367548378,2113947.5673891227,4084899.226675658,19883856.829787374,15082933.183348143,9806510.115822244,7438744.8121832125,6199088.208687228,584734.8335375929,1982899.3957855892,1498792.3253235575
2040-09-30,14878150.427583301,14799667.130869223,7307301.012416898,7268754.482300268,3481691.7211091467,8434723.722208368,2113947.5673891227,4142656.4071083656,20078569.734378178,15125537.733278958,9861451.103216,7428803.5821192125,6351196.563347217,584734.8335375929,1982899.3957855892,1498792.3253235575
2040-10-31,15045471.842036452,14925713.278646547,7358818.02981945,7300243.497578019,3481691.7211091467,8588099.646490522,2113947.5673891227,4200483.9186170995,20274905.24650724,15168497.321125865,9916560.93257384,7418990.427412254,6504572.487629372,584734.8335375929,1982899.3957855892,1498792.3253235575
2040-11-30,15214429.385757346,15052117.422989262,7410578.626646539,7331520.416072818,3481691.7211091467,8742753.703475028,2113947.5673891227,4258382.75562655,20472876.88790404,15211814.90553816,9971840.549833113,7409305.176900851,6659226.544613878,584734.8335375929,1982899.3957855892,1498792.3253235575
2040-12-31,15385036.693156546,15178882.54720208,7462583.201223384,7362587.179299909,3481691.7211091467,8898696.54426774,2113947.5673891227,4316353.91377232,20672498.29297915,15255493.469820559,10027290.903838182,7399747.661628637,6815169.385406589,584734.8335375929,1982899.3957855892,1498792.3253235575
2041-01-31,15557307.512264706,15306011.659450585,7514832.158096633,7393445.71931633,3481691.7211091467,9055938.908733722,2113947.5673891227,4374398.38991805,20873783.209763218,15299536.022138644,10082912.946356703,7390317.714841418,6972411.749872572,584734.8335375929,1982899.3957855892,1498792.3253235575
2041-02-28,15731255.7056794,15433507.792968407,7567325.908032803,7424097.958778432,3481691.7211091467,9214491.626236921,2113947.5673891227,4432517.182172554,21076745.50085382,15343945.595726049,10138707.632095965,7381015.171984256,7130964.467375771,584734.8335375929,1982899.3957855892,1498792.3253235575
2041-03-31,15906895.251519848,15561374.006266125,7620064.868016864,7454545.810999136,3481691.7211091467,9374365.616385981,2113947.5673891227,4490711.289906991,21281399.14437018,15388725.249093346,10194675.918719275,7371839.870698602,7290838.4575248305,584734.8335375929,1982899.3957855892,1498792.3253235575
2041-04-30,16084240.2443896,15689613.383341903,7673049.461250979,7484791.1800049385,3481691.7211091467,9535571.889786283,2113947.5673891227,4548981.71377204,21487758.23491584,15433878.066238707,10250818.766862394,7362791.650819467,7452044.7309251325,584734.8335375929,1982899.3957855892,1498792.3253235575
2041-05-31,16263304.89634723,15818229.033893893,7726280.11715336,7514835.960592631,3481691.7211091467,9698121.548798254,2113947.5673891227,4607329.455715118,21695836.984549385,15479407.156860279,10307137.140150033,7353870.3543726215,7614594.389937104,584734.8335375929,1982899.3957855892,1498792.3253235575
2041-06-30,16444103.537885142,15947224.093534395,7779757.271357289,7544682.038385796,3481691.7211091467,9862025.788301991,2113947.5673891227,4665755.518997597,21905649.723763205,15525315.656570362,10363632.00521238,7345075.825571834,7778498.629440841,584734.8335375929,1982899.3957855892,1498792.3253235575
2041-07-31,16626650.618916502,16076601.724005815,7833481.365710265,7574331.289891015,3481691.7211091467,9862025.788301991,2113947.5673891227,4665755.518997597,22117210.90247047,15736876.835277626,10420304.331701698,7414273.2814372545,7778498.629440841,584734.8335375929,1982899.3957855892,1498792.3253235575
